uHCMocn,Mon, 18 Jan 2021 16:13:09 GMT,click,product_0,select product from dropdown
uHCMocn,Mon, 18 Jan 2021 16:13:12 GMT,hover,bar_coverback,hovered on metric bar
uHCMocn,Mon, 18 Jan 2021 16:13:14 GMT,hover,bar_visitback,hovered on metric bar
uHCMocn,Mon, 18 Jan 2021 16:13:20 GMT,click,product_2,select product from dropdown
uHCMocn,Mon, 18 Jan 2021 16:13:21 GMT,hover,bar_visitback,hovered on metric bar
uHCMocn,Mon, 18 Jan 2021 16:13:21 GMT,hover,bar_visitback,hovered on metric bar
uHCMocn,Mon, 18 Jan 2021 16:13:22 GMT,hover,bar_visitback,hovered on metric bar
uHCMocn,Mon, 18 Jan 2021 16:13:23 GMT,hover,bar_coverback,hovered on metric bar
uHCMocn,Mon, 18 Jan 2021 16:13:23 GMT,click,sentiment_Negative,select a sentiment
uHCMocn,Mon, 18 Jan 2021 16:13:26 GMT,hover,bar_coverback,hovered on metric bar
uHCMocn,Mon, 18 Jan 2021 16:13:37 GMT,hover,comment_1646,interact with a comment
uHCMocn,Mon, 18 Jan 2021 16:13:52 GMT,hover,comment_1537,interact with a comment
uHCMocn,Mon, 18 Jan 2021 16:13:56 GMT,hover,comment_1430,interact with a comment
uHCMocn,Mon, 18 Jan 2021 16:14:12 GMT,hover,comment_1357,interact with a comment
uHCMocn,Mon, 18 Jan 2021 16:14:20 GMT,hover,comment_mment_1648,interact with a suggested comment
uHCMocn,Mon, 18 Jan 2021 16:15:09 GMT,hover,comment_mment_1396,interact with a suggested comment
uHCMocn,Mon, 18 Jan 2021 16:15:27 GMT,hover,bar_coverback,hovered on metric bar
uHCMocn,Mon, 18 Jan 2021 16:16:05 GMT,hover,bar_coverback,hovered on metric bar
uHCMocn,Mon, 18 Jan 2021 16:18:30 GMT,hover,bar_visitback,hovered on metric bar
uHCMocn,Mon, 18 Jan 2021 16:18:38 GMT,click,product_2,select product from dropdown
uHCMocn,Mon, 18 Jan 2021 16:18:38 GMT,hover,bar_coverback,hovered on metric bar
uHCMocn,Mon, 18 Jan 2021 16:18:40 GMT,hover,bar_coverback,hovered on metric bar
uHCMocn,Mon, 18 Jan 2021 16:18:51 GMT,click,product_2,select product from dropdown
uHCMocn,Mon, 18 Jan 2021 16:18:51 GMT,hover,bar_coverback,hovered on metric bar
uHCMocn,Mon, 18 Jan 2021 16:18:53 GMT,hover,bar_coverback,hovered on metric bar
uHCMocn,Mon, 18 Jan 2021 16:18:53 GMT,click,sentiment_Negative,select a sentiment
uHCMocn,Mon, 18 Jan 2021 16:18:54 GMT,hover,bar_coverback,hovered on metric bar
uHCMocn,Mon, 18 Jan 2021 16:19:00 GMT,hover,comment_1537,interact with a comment
uHCMocn,Mon, 18 Jan 2021 16:19:20 GMT,hover,comment_1558,interact with a comment
uHCMocn,Mon, 18 Jan 2021 16:19:34 GMT,hover,comment_1708,interact with a comment
uHCMocn,Mon, 18 Jan 2021 16:19:41 GMT,hover,comment_1311,interact with a comment
uHCMocn,Mon, 18 Jan 2021 16:19:44 GMT,hover,comment_mment_1367,interact with a suggested comment
uHCMocn,Mon, 18 Jan 2021 16:19:47 GMT,hover,comment_mment_1294,interact with a suggested comment
uHCMocn,Mon, 18 Jan 2021 16:19:52 GMT,hover,comment_mment_1463,interact with a suggested comment
uHCMocn,Mon, 18 Jan 2021 16:19:52 GMT,hover,bar_coverback,hovered on metric bar
uHCMocn,Mon, 18 Jan 2021 16:19:53 GMT,click,sentiment_Positive,select a sentiment
uHCMocn,Mon, 18 Jan 2021 16:19:55 GMT,hover,bar_coverback,hovered on metric bar
uHCMocn,Mon, 18 Jan 2021 16:20:00 GMT,hover,comment_1521,interact with a comment
uHCMocn,Mon, 18 Jan 2021 16:20:09 GMT,hover,comment_1308,interact with a comment
uHCMocn,Mon, 18 Jan 2021 16:20:14 GMT,hover,comment_1597,interact with a comment
uHCMocn,Mon, 18 Jan 2021 16:20:21 GMT,hover,comment_mment_1658,interact with a suggested comment
uHCMocn,Mon, 18 Jan 2021 16:20:26 GMT,hover,comment_mment_1624,interact with a suggested comment
uHCMocn,Mon, 18 Jan 2021 16:20:37 GMT,hover,comment_mment_1396,interact with a suggested comment
uHCMocn,Mon, 18 Jan 2021 16:21:05 GMT,hover,bar_coverback,hovered on metric bar
uHCMocn,Mon, 18 Jan 2021 16:21:12 GMT,click,sentiment_Negative,select a sentiment
uHCMocn,Mon, 18 Jan 2021 16:21:14 GMT,hover,bar_coverback,hovered on metric bar
uHCMocn,Mon, 18 Jan 2021 16:21:40 GMT,hover,comment_1482,interact with a comment
uHCMocn,Mon, 18 Jan 2021 16:22:02 GMT,hover,comment_1487,interact with a comment
uHCMocn,Mon, 18 Jan 2021 16:22:08 GMT,hover,comment_1633,interact with a comment
uHCMocn,Mon, 18 Jan 2021 16:22:14 GMT,hover,comment_mment_1333,interact with a suggested comment
uHCMocn,Mon, 18 Jan 2021 16:22:23 GMT,hover,comment_mment_1603,interact with a suggested comment
uHCMocn,Mon, 18 Jan 2021 16:22:30 GMT,hover,comment_mment_1370,interact with a suggested comment
uHCMocn,Mon, 18 Jan 2021 16:22:32 GMT,hover,comment_mment_1365,interact with a suggested comment
uHCMocn,Mon, 18 Jan 2021 16:22:43 GMT,hover,comment_1629,interact with a comment
uHCMocn,Mon, 18 Jan 2021 16:22:43 GMT,hover,bar_visitback,hovered on metric bar
uHCMocn,Mon, 18 Jan 2021 16:22:44 GMT,click,ngram_good sound,select an ngram
uHCMocn,Mon, 18 Jan 2021 16:23:30 GMT,click,ngram_280 pro,select an ngram
uHCMocn,Mon, 18 Jan 2021 16:23:31 GMT,hover,bar_coverback,hovered on metric bar
uHCMocn,Mon, 18 Jan 2021 16:25:31 GMT,hover,bar_coverback,hovered on metric bar
uHCMocn,Mon, 18 Jan 2021 16:25:32 GMT,click,bar_coverback,clicked on metric bar
uHCMocn,Mon, 18 Jan 2021 16:25:38 GMT,hover,bar_coverback,hovered on metric bar
uHCMocn,Mon, 18 Jan 2021 16:25:39 GMT,click,sentiment_Negative,deselect a sentiment
uHCMocn,Mon, 18 Jan 2021 16:25:39 GMT,hover,bar_coverback,hovered on metric bar
uHCMocn,Mon, 18 Jan 2021 16:25:39 GMT,hover,bar_coverback,hovered on metric bar
uHCMocn,Mon, 18 Jan 2021 16:25:40 GMT,hover,bar_coverback,hovered on metric bar
uHCMocn,Mon, 18 Jan 2021 16:25:40 GMT,click,bar_coverback,clicked on metric bar
uHCMocn,Mon, 18 Jan 2021 16:25:48 GMT,click,ngram_280 pro,deselect an ngram
uHCMocn,Mon, 18 Jan 2021 16:25:48 GMT,hover,bar_coverback,hovered on metric bar
uHCMocn,Mon, 18 Jan 2021 16:25:49 GMT,hover,bar_coverback,hovered on metric bar
uHCMocn,Mon, 18 Jan 2021 16:25:49 GMT,hover,bar_coverback,hovered on metric bar
uHCMocn,Mon, 18 Jan 2021 16:25:49 GMT,click,bar_coverback,clicked on metric bar
uHCMocn,Mon, 18 Jan 2021 16:25:53 GMT,hover,bar_visitback,hovered on metric bar
uHCMocn,Mon, 18 Jan 2021 16:25:54 GMT,hover,bar_visitback,hovered on metric bar
uHCMocn,Mon, 18 Jan 2021 16:25:54 GMT,hover,bar_visitback,hovered on metric bar
uHCMocn,Mon, 18 Jan 2021 16:25:54 GMT,click,bar_visitback,clicked on metric bar
uHCMocn,Mon, 18 Jan 2021 16:26:04 GMT,hover,bar_coverback,hovered on metric bar
uHCMocn,Mon, 18 Jan 2021 16:26:06 GMT,click,bar_coverback,clicked on metric bar
uHCMocn,Mon, 18 Jan 2021 16:26:06 GMT,hover,bar_coverback,hovered on metric bar
uHCMocn,Mon, 18 Jan 2021 16:26:53 GMT,hover,comment_1521,interact with a comment
uHCMocn,Mon, 18 Jan 2021 16:26:54 GMT,hover,bar_visitback,hovered on metric bar
uHCMocn,Mon, 18 Jan 2021 16:31:15 GMT,hover,bar_coverback,hovered on metric bar
uHCMocn,Mon, 18 Jan 2021 16:31:55 GMT,hover,bar_visitback,hovered on metric bar
uHCMocn,Mon, 18 Jan 2021 16:32:07 GMT,hover,bar_coverback,hovered on metric bar
uHCMocn,Mon, 18 Jan 2021 16:32:10 GMT,hover,bar_visitback,hovered on metric bar
uHCMocn,Mon, 18 Jan 2021 16:32:12 GMT,hover,bar_coverback,hovered on metric bar
uHCMocn,Mon, 18 Jan 2021 16:32:13 GMT,click,ngram_280 pro,select an ngram
uHCMocn,Mon, 18 Jan 2021 16:32:15 GMT,hover,bar_coverback,hovered on metric bar
uHCMocn,Mon, 18 Jan 2021 16:32:19 GMT,hover,comment_1524,interact with a comment
uHCMocn,Mon, 18 Jan 2021 16:32:27 GMT,click,comment_1698,interact with a comment
uHCMocn,Mon, 18 Jan 2021 20:31:52 GMT,click,product_2,select product from dropdown
uHCMocn,Mon, 18 Jan 2021 20:31:53 GMT,hover,bar_coverback,hovered on metric bar
uHCMocn,Mon, 18 Jan 2021 20:32:41 GMT,hover,comment_mment_1643,interact with a suggested comment
uHCMocn,Mon, 18 Jan 2021 20:32:57 GMT,hover,bar_visitback,hovered on metric bar
uHCMocn,Mon, 18 Jan 2021 20:33:55 GMT,hover,bar_visitback,hovered on metric bar
uHCMocn,Mon, 18 Jan 2021 20:35:17 GMT,hover,comment_mment_1462,interact with a suggested comment
uHCMocn,Mon, 18 Jan 2021 20:35:33 GMT,hover,comment_mment_1689,interact with a suggested comment
uHCMocn,Mon, 18 Jan 2021 20:35:37 GMT,hover,comment_mment_1658,interact with a suggested comment
uHCMocn,Mon, 18 Jan 2021 20:35:51 GMT,hover,comment_1298,interact with a comment
uHCMocn,Mon, 18 Jan 2021 20:36:05 GMT,hover,comment_1504,interact with a comment
uHCMocn,Mon, 18 Jan 2021 20:36:26 GMT,hover,comment_1344,interact with a comment
uHCMocn,Mon, 18 Jan 2021 20:36:31 GMT,hover,bar_coverback,hovered on metric bar
uHCMocn,Mon, 18 Jan 2021 20:36:31 GMT,hover,bar_coverback,hovered on metric bar
uHCMocn,Mon, 18 Jan 2021 20:47:02 GMT,hover,bar_coverback,hovered on metric bar
uHCMocn,Mon, 18 Jan 2021 20:47:03 GMT,hover,bar_coverback,hovered on metric bar
uHCMocn,Mon, 18 Jan 2021 20:47:03 GMT,hover,bar_coverback,hovered on metric bar
uHCMocn,Mon, 18 Jan 2021 20:47:04 GMT,hover,bar_coverback,hovered on metric bar
uHCMocn,Mon, 18 Jan 2021 20:47:16 GMT,hover,bar_coverback,hovered on metric bar
uHCMocn,Mon, 18 Jan 2021 20:47:17 GMT,hover,bar_coverback,hovered on metric bar
uHCMocn,Mon, 18 Jan 2021 20:47:17 GMT,hover,bar_coverback,hovered on metric bar
uHCMocn,Mon, 18 Jan 2021 20:47:29 GMT,hover,bar_visitback,hovered on metric bar
uHCMocn,Mon, 18 Jan 2021 20:47:29 GMT,hover,bar_visitback,hovered on metric bar
uHCMocn,Mon, 18 Jan 2021 20:47:30 GMT,hover,bar_visitback,hovered on metric bar
uHCMocn,Mon, 18 Jan 2021 20:47:30 GMT,hover,bar_visitback,hovered on metric bar
uHCMocn,Mon, 18 Jan 2021 20:47:32 GMT,hover,bar_visitback,hovered on metric bar
uHCMocn,Mon, 18 Jan 2021 20:47:32 GMT,hover,bar_visitback,hovered on metric bar
uHCMocn,Mon, 18 Jan 2021 20:47:34 GMT,hover,bar_visitback,hovered on metric bar
uHCMocn,Mon, 18 Jan 2021 20:47:34 GMT,hover,bar_visitback,hovered on metric bar
uHCMocn,Mon, 18 Jan 2021 20:47:36 GMT,hover,bar_visitback,hovered on metric bar
uHCMocn,Mon, 18 Jan 2021 20:47:36 GMT,hover,bar_visitback,hovered on metric bar
uHCMocn,Mon, 18 Jan 2021 20:47:36 GMT,hover,bar_visitback,hovered on metric bar
uHCMocn,Mon, 18 Jan 2021 20:47:37 GMT,hover,bar_visitback,hovered on metric bar
uHCMocn,Mon, 18 Jan 2021 20:47:39 GMT,hover,bar_visitback,hovered on metric bar
uHCMocn,Mon, 18 Jan 2021 20:47:40 GMT,hover,bar_visitback,hovered on metric bar
uHCMocn,Mon, 18 Jan 2021 20:47:40 GMT,hover,bar_coverback,hovered on metric bar
uHCMocn,Mon, 18 Jan 2021 20:48:37 GMT,hover,bar_coverback,hovered on metric bar
uHCMocn,Mon, 18 Jan 2021 20:48:38 GMT,hover,bar_visitback,hovered on metric bar
uHCMocn,Mon, 18 Jan 2021 20:48:38 GMT,hover,bar_coverback,hovered on metric bar
uHCMocn,Mon, 18 Jan 2021 20:48:38 GMT,hover,bar_coverback,hovered on metric bar
uHCMocn,Mon, 18 Jan 2021 20:48:40 GMT,hover,bar_visitback,hovered on metric bar
uHCMocn,Mon, 18 Jan 2021 20:48:41 GMT,hover,bar_visitback,hovered on metric bar
uHCMocn,Mon, 18 Jan 2021 20:48:41 GMT,hover,bar_visitback,hovered on metric bar
uHCMocn,Mon, 18 Jan 2021 20:51:07 GMT,hover,comment_1608,interact with a comment
uHCMocn,Mon, 18 Jan 2021 20:51:08 GMT,hover,bar_coverback,hovered on metric bar
uHCMocn,Mon, 18 Jan 2021 20:51:08 GMT,hover,bar_coverback,hovered on metric bar
uHCMocn,Mon, 18 Jan 2021 20:51:08 GMT,hover,bar_coverback,hovered on metric bar
uHCMocn,Mon, 18 Jan 2021 20:51:17 GMT,hover,bar_coverback,hovered on metric bar
uHCMocn,Mon, 18 Jan 2021 20:51:17 GMT,hover,bar_visitback,hovered on metric bar
uHCMocn,Mon, 18 Jan 2021 20:51:18 GMT,hover,bar_coverback,hovered on metric bar
uHCMocn,Mon, 18 Jan 2021 20:51:18 GMT,hover,bar_coverback,hovered on metric bar
uHCMocn,Mon, 18 Jan 2021 20:52:11 GMT,hover,bar_coverback,hovered on metric bar
uHCMocn,Mon, 18 Jan 2021 21:00:26 GMT,hover,comment_1416,interact with a comment
uHCMocn,Mon, 18 Jan 2021 21:00:52 GMT,hover,comment_1336,interact with a comment
uHCMocn,Mon, 18 Jan 2021 21:00:59 GMT,hover,comment_1657,interact with a comment
uHCMocn,Mon, 18 Jan 2021 21:01:19 GMT,click,serencomment_1294,interact with a suggested comment
uHCMocn,Mon, 18 Jan 2021 21:01:25 GMT,hover,comment_mment_1463,interact with a suggested comment
uHCMocn,Mon, 18 Jan 2021 21:01:32 GMT,click,serencomment_1370,interact with a suggested comment
uHCMocn,Mon, 18 Jan 2021 21:01:38 GMT,hover,comment_mment_1367,interact with a suggested comment
uHCMocn,Mon, 18 Jan 2021 21:01:45 GMT,hover,comment_mment_1624,interact with a suggested comment
uHCMocn,Mon, 18 Jan 2021 21:03:05 GMT,click,serencomment_1333,interact with a suggested comment
uHCMocn,Mon, 18 Jan 2021 21:03:09 GMT,hover,comment_mment_1333,interact with a suggested comment
uHCMocn,Mon, 18 Jan 2021 21:03:34 GMT,hover,comment_mment_1603,interact with a suggested comment
uHCMocn,Mon, 18 Jan 2021 21:04:40 GMT,hover,bar_coverback,hovered on metric bar
