iMtlZSA,Mon, 30 Nov 2020 20:16:29 GMT,click,product_2,select product from dropdown
iMtlZSA,Mon, 30 Nov 2020 20:16:29 GMT,click,dice,get suggested comments
iMtlZSA,Mon, 30 Nov 2020 20:16:30 GMT,hover,bar_coverback,hovered on metric bar
iMtlZSA,Mon, 30 Nov 2020 20:16:31 GMT,hover,bar_coverback,hovered on metric bar
iMtlZSA,Mon, 30 Nov 2020 20:16:31 GMT,hover,bar_distback,hovered on metric bar
iMtlZSA,Mon, 30 Nov 2020 20:16:32 GMT,hover,bar_distback,hovered on metric bar
iMtlZSA,Mon, 30 Nov 2020 20:16:36 GMT,hover,bar_coverback,hovered on metric bar
iMtlZSA,Mon, 30 Nov 2020 20:16:37 GMT,hover,bar_visitback,hovered on metric bar
iMtlZSA,Mon, 30 Nov 2020 20:16:46 GMT,click,search_undefined,search a keyword
iMtlZSA,Mon, 30 Nov 2020 20:16:48 GMT,hover,bar_visitback,hovered on metric bar
iMtlZSA,Mon, 30 Nov 2020 20:16:50 GMT,hover,comment_1560,interact with a comment
iMtlZSA,Mon, 30 Nov 2020 20:16:51 GMT,hover,bar_distback,hovered on metric bar
iMtlZSA,Mon, 30 Nov 2020 20:16:52 GMT,hover,bar_distback,hovered on metric bar
iMtlZSA,Mon, 30 Nov 2020 20:16:53 GMT,hover,bar_distback,hovered on metric bar
iMtlZSA,Mon, 30 Nov 2020 20:16:57 GMT,click,comment_1537,interact with a comment
iMtlZSA,Mon, 30 Nov 2020 20:16:58 GMT,click,comment_1698,interact with a comment
iMtlZSA,Mon, 30 Nov 2020 20:16:59 GMT,click,comment_1608,interact with a comment
iMtlZSA,Mon, 30 Nov 2020 20:16:59 GMT,click,comment_1493,interact with a comment
iMtlZSA,Mon, 30 Nov 2020 20:17:00 GMT,click,comment_1445,interact with a comment
iMtlZSA,Mon, 30 Nov 2020 20:17:00 GMT,hover,comment_1445,interact with a comment
iMtlZSA,Mon, 30 Nov 2020 20:17:00 GMT,hover,bar_coverback,hovered on metric bar
iMtlZSA,Mon, 30 Nov 2020 20:17:01 GMT,hover,bar_distback,hovered on metric bar
iMtlZSA,Mon, 30 Nov 2020 20:17:02 GMT,hover,bar_distback,hovered on metric bar
iMtlZSA,Mon, 30 Nov 2020 20:17:05 GMT,hover,bar_distback,hovered on metric bar
iMtlZSA,Mon, 30 Nov 2020 20:17:05 GMT,hover,bar_coverback,hovered on metric bar
iMtlZSA,Mon, 30 Nov 2020 20:17:12 GMT,click,bar_coverback,clicked on metric bar
iMtlZSA,Mon, 30 Nov 2020 20:17:20 GMT,hover,bar_visitback,hovered on metric bar
iMtlZSA,Mon, 30 Nov 2020 20:17:21 GMT,hover,bar_visitback,hovered on metric bar
iMtlZSA,Mon, 30 Nov 2020 20:17:21 GMT,hover,bar_visitback,hovered on metric bar
iMtlZSA,Mon, 30 Nov 2020 20:17:22 GMT,hover,bar_coverback,hovered on metric bar
iMtlZSA,Mon, 30 Nov 2020 20:17:22 GMT,click,bar_coverback,clicked on metric bar
iMtlZSA,Mon, 30 Nov 2020 20:17:23 GMT,hover,bar_coverback,hovered on metric bar
iMtlZSA,Mon, 30 Nov 2020 20:17:27 GMT,hover,bar_coverback,hovered on metric bar
iMtlZSA,Mon, 30 Nov 2020 20:17:27 GMT,hover,bar_coverback,hovered on metric bar
iMtlZSA,Mon, 30 Nov 2020 20:17:28 GMT,click,bar_coverback,clicked on metric bar
iMtlZSA,Mon, 30 Nov 2020 20:17:32 GMT,hover,bar_coverback,hovered on metric bar
iMtlZSA,Mon, 30 Nov 2020 20:17:32 GMT,click,bar_coverback,clicked on metric bar
iMtlZSA,Mon, 30 Nov 2020 20:17:34 GMT,hover,bar_visitback,hovered on metric bar
iMtlZSA,Mon, 30 Nov 2020 20:17:34 GMT,hover,bar_visitback,hovered on metric bar
iMtlZSA,Mon, 30 Nov 2020 20:17:35 GMT,click,bar_visitback,clicked on metric bar
iMtlZSA,Mon, 30 Nov 2020 20:17:36 GMT,hover,bar_visitback,hovered on metric bar
iMtlZSA,Mon, 30 Nov 2020 20:17:39 GMT,hover,bar_coverback,hovered on metric bar
iMtlZSA,Mon, 30 Nov 2020 20:17:39 GMT,hover,bar_coverback,hovered on metric bar
iMtlZSA,Mon, 30 Nov 2020 20:17:39 GMT,hover,bar_distback,hovered on metric bar
iMtlZSA,Mon, 30 Nov 2020 20:17:40 GMT,click,bar_distback,clicked on metric bar
iMtlZSA,Mon, 30 Nov 2020 20:17:39 GMT,click,bar_visitback,clicked on metric bar
iMtlZSA,Mon, 30 Nov 2020 20:17:47 GMT,click,bar_distback,clicked on metric bar
iMtlZSA,Mon, 30 Nov 2020 20:17:49 GMT,hover,bar_coverback,hovered on metric bar
iMtlZSA,Mon, 30 Nov 2020 20:17:50 GMT,click,bar_coverback,clicked on metric bar
iMtlZSA,Mon, 30 Nov 2020 20:17:55 GMT,click,bar_coverback,clicked on metric bar
iMtlZSA,Mon, 30 Nov 2020 20:17:56 GMT,hover,bar_visitback,hovered on metric bar
iMtlZSA,Mon, 30 Nov 2020 20:17:57 GMT,click,ngram_good sound,select an ngram
iMtlZSA,Mon, 30 Nov 2020 20:17:57 GMT,hover,bar_visitback,hovered on metric bar
iMtlZSA,Mon, 30 Nov 2020 20:17:58 GMT,click,comment_1709,interact with a comment
iMtlZSA,Mon, 30 Nov 2020 20:17:59 GMT,click,comment_1646,interact with a comment
iMtlZSA,Mon, 30 Nov 2020 20:18:01 GMT,hover,comment_1646,interact with a comment
iMtlZSA,Mon, 30 Nov 2020 20:18:01 GMT,hover,comment_1689,interact with a comment
iMtlZSA,Mon, 30 Nov 2020 20:18:03 GMT,hover,comment_mment_1462,interact with a suggested comment
iMtlZSA,Mon, 30 Nov 2020 20:18:04 GMT,click,serencomment_1624,interact with a suggested comment
iMtlZSA,Mon, 30 Nov 2020 20:18:06 GMT,click,serencomment_1367,interact with a suggested comment
iMtlZSA,Mon, 30 Nov 2020 20:18:08 GMT,hover,comment_mment_1367,interact with a suggested comment
iMtlZSA,Mon, 30 Nov 2020 20:18:09 GMT,click,serencomment_1370,interact with a suggested comment
iMtlZSA,Mon, 30 Nov 2020 20:18:11 GMT,hover,comment_mment_1370,interact with a suggested comment
iMtlZSA,Mon, 30 Nov 2020 20:18:11 GMT,hover,bar_coverback,hovered on metric bar
iMtlZSA,Mon, 30 Nov 2020 20:18:12 GMT,click,bar_coverback,clicked on metric bar
iMtlZSA,Mon, 30 Nov 2020 20:18:12 GMT,hover,bar_coverback,hovered on metric bar
iMtlZSA,Mon, 30 Nov 2020 20:18:12 GMT,hover,bar_coverback,hovered on metric bar
iMtlZSA,Mon, 30 Nov 2020 20:18:12 GMT,hover,bar_visitback,hovered on metric bar
iMtlZSA,Mon, 30 Nov 2020 20:18:13 GMT,hover,bar_visitback,hovered on metric bar
iMtlZSA,Mon, 30 Nov 2020 20:18:14 GMT,click,bar_visitback,clicked on metric bar
iMtlZSA,Mon, 30 Nov 2020 20:18:14 GMT,hover,bar_coverback,hovered on metric bar
iMtlZSA,Mon, 30 Nov 2020 20:18:14 GMT,hover,bar_coverback,hovered on metric bar
iMtlZSA,Mon, 30 Nov 2020 20:18:15 GMT,hover,bar_coverback,hovered on metric bar
iMtlZSA,Mon, 30 Nov 2020 20:18:15 GMT,click,bar_coverback,clicked on metric bar
iMtlZSA,Mon, 30 Nov 2020 20:18:16 GMT,hover,comment_mment_1365,interact with a suggested comment
iMtlZSA,Mon, 30 Nov 2020 20:18:18 GMT,click,serencomment_1658,interact with a suggested comment
iMtlZSA,Mon, 30 Nov 2020 20:18:21 GMT,click,serencomment_1365,interact with a suggested comment
iMtlZSA,Mon, 30 Nov 2020 20:18:22 GMT,click,serencomment_1463,interact with a suggested comment
iMtlZSA,Mon, 30 Nov 2020 20:18:26 GMT,click,serencomment_1463,interact with a suggested comment
iMtlZSA,Mon, 30 Nov 2020 20:18:30 GMT,click,serencomment_1333,interact with a suggested comment
iMtlZSA,Mon, 30 Nov 2020 20:18:37 GMT,click,serencomment_1396,interact with a suggested comment
iMtlZSA,Mon, 30 Nov 2020 20:18:40 GMT,hover,comment_mment_1307,interact with a suggested comment
iMtlZSA,Mon, 30 Nov 2020 20:18:40 GMT,hover,bar_coverback,hovered on metric bar
iMtlZSA,Mon, 30 Nov 2020 20:18:41 GMT,click,sentiment_Positive,select a sentiment
iMtlZSA,Mon, 30 Nov 2020 20:18:44 GMT,click,sentiment_Positive,deselect a sentiment
iMtlZSA,Mon, 30 Nov 2020 20:18:46 GMT,hover,bar_coverback,hovered on metric bar
iMtlZSA,Mon, 30 Nov 2020 20:18:47 GMT,hover,bar_coverback,hovered on metric bar
iMtlZSA,Mon, 30 Nov 2020 20:18:48 GMT,hover,bar_coverback,hovered on metric bar
iMtlZSA,Mon, 30 Nov 2020 20:18:49 GMT,click,bar_coverback,clicked on metric bar
iMtlZSA,Mon, 30 Nov 2020 20:18:51 GMT,hover,bar_coverback,hovered on metric bar
iMtlZSA,Mon, 30 Nov 2020 20:18:53 GMT,click,bar_coverback,clicked on metric bar
iMtlZSA,Mon, 30 Nov 2020 20:18:54 GMT,click,bar_coverback,clicked on metric bar
iMtlZSA,Mon, 30 Nov 2020 20:18:55 GMT,hover,bar_coverback,hovered on metric bar
iMtlZSA,Mon, 30 Nov 2020 20:18:55 GMT,hover,bar_visitback,hovered on metric bar
iMtlZSA,Mon, 30 Nov 2020 20:18:55 GMT,hover,bar_visitback,hovered on metric bar
iMtlZSA,Mon, 30 Nov 2020 20:18:56 GMT,click,bar_visitback,clicked on metric bar
iMtlZSA,Mon, 30 Nov 2020 20:18:58 GMT,hover,bar_visitback,hovered on metric bar
iMtlZSA,Mon, 30 Nov 2020 20:18:59 GMT,click,bar_visitback,clicked on metric bar
iMtlZSA,Mon, 30 Nov 2020 20:18:59 GMT,hover,bar_visitback,hovered on metric bar
iMtlZSA,Mon, 30 Nov 2020 20:18:59 GMT,hover,bar_coverback,hovered on metric bar
iMtlZSA,Mon, 30 Nov 2020 20:19:00 GMT,click,bar_coverback,clicked on metric bar
iMtlZSA,Mon, 30 Nov 2020 20:19:01 GMT,click,bar_coverback,clicked on metric bar
iMtlZSA,Mon, 30 Nov 2020 20:19:02 GMT,click,ngram_good sound,deselect an ngram
iMtlZSA,Mon, 30 Nov 2020 20:19:02 GMT,hover,bar_visitback,hovered on metric bar
iMtlZSA,Mon, 30 Nov 2020 20:19:03 GMT,hover,bar_coverback,hovered on metric bar
iMtlZSA,Mon, 30 Nov 2020 20:19:03 GMT,hover,bar_coverback,hovered on metric bar
iMtlZSA,Mon, 30 Nov 2020 20:19:03 GMT,hover,bar_coverback,hovered on metric bar
iMtlZSA,Mon, 30 Nov 2020 20:19:04 GMT,click,bar_coverback,clicked on metric bar
iMtlZSA,Mon, 30 Nov 2020 20:19:04 GMT,click,bar_coverback,clicked on metric bar
iMtlZSA,Mon, 30 Nov 2020 20:19:06 GMT,click,serencomment_1603,interact with a suggested comment
iMtlZSA,Mon, 30 Nov 2020 20:19:07 GMT,hover,comment_mment_1603,interact with a suggested comment
iMtlZSA,Mon, 30 Nov 2020 20:19:10 GMT,click,serencomment_1577,interact with a suggested comment
iMtlZSA,Mon, 30 Nov 2020 20:19:11 GMT,click,serencomment_1520,interact with a suggested comment
iMtlZSA,Mon, 30 Nov 2020 20:19:13 GMT,click,serencomment_1520,interact with a suggested comment
iMtlZSA,Mon, 30 Nov 2020 20:19:24 GMT,click,serencomment_1399,interact with a suggested comment
iMtlZSA,Mon, 30 Nov 2020 20:19:25 GMT,hover,comment_mment_1399,interact with a suggested comment
iMtlZSA,Mon, 30 Nov 2020 20:19:26 GMT,hover,comment_mment_1294,interact with a suggested comment
iMtlZSA,Mon, 30 Nov 2020 20:19:41 GMT,click,serencomment_1527,interact with a suggested comment
iMtlZSA,Mon, 30 Nov 2020 20:19:44 GMT,hover,comment_mment_1527,interact with a suggested comment
iMtlZSA,Mon, 30 Nov 2020 20:19:45 GMT,hover,comment_mment_1354,interact with a suggested comment
iMtlZSA,Mon, 30 Nov 2020 20:19:46 GMT,hover,bar_coverback,hovered on metric bar
iMtlZSA,Mon, 30 Nov 2020 20:19:47 GMT,hover,bar_coverback,hovered on metric bar
iMtlZSA,Mon, 30 Nov 2020 20:19:47 GMT,hover,bar_coverback,hovered on metric bar
iMtlZSA,Mon, 30 Nov 2020 20:19:48 GMT,click,bar_coverback,clicked on metric bar
iMtlZSA,Mon, 30 Nov 2020 20:19:48 GMT,click,bar_coverback,clicked on metric bar
iMtlZSA,Mon, 30 Nov 2020 20:19:48 GMT,hover,bar_coverback,hovered on metric bar
iMtlZSA,Mon, 30 Nov 2020 20:19:48 GMT,hover,bar_visitback,hovered on metric bar
iMtlZSA,Mon, 30 Nov 2020 20:19:49 GMT,click,bar_visitback,clicked on metric bar
iMtlZSA,Mon, 30 Nov 2020 20:19:50 GMT,hover,bar_visitback,hovered on metric bar
iMtlZSA,Mon, 30 Nov 2020 20:19:51 GMT,click,bar_visitback,clicked on metric bar
iMtlZSA,Mon, 30 Nov 2020 20:19:51 GMT,hover,bar_coverback,hovered on metric bar
iMtlZSA,Mon, 30 Nov 2020 20:19:53 GMT,hover,comment_mment_1448,interact with a suggested comment
iMtlZSA,Mon, 30 Nov 2020 20:19:56 GMT,hover,comment_mment_1718,interact with a suggested comment
iMtlZSA,Mon, 30 Nov 2020 20:19:57 GMT,hover,comment_mment_1465,interact with a suggested comment
iMtlZSA,Mon, 30 Nov 2020 20:20:00 GMT,hover,comment_mment_1421,interact with a suggested comment
iMtlZSA,Mon, 30 Nov 2020 20:20:15 GMT,hover,comment_mment_1434,interact with a suggested comment
iMtlZSA,Mon, 30 Nov 2020 20:20:29 GMT,hover,comment_mment_1318,interact with a suggested comment
iMtlZSA,Mon, 30 Nov 2020 20:20:30 GMT,hover,bar_distback,hovered on metric bar
iMtlZSA,Mon, 30 Nov 2020 20:20:30 GMT,hover,bar_distback,hovered on metric bar
iMtlZSA,Mon, 30 Nov 2020 20:20:35 GMT,hover,comment_mment_1618,interact with a suggested comment
iMtlZSA,Mon, 30 Nov 2020 20:20:44 GMT,hover,comment_mment_1521,interact with a suggested comment
iMtlZSA,Mon, 30 Nov 2020 20:20:50 GMT,hover,comment_mment_1305,interact with a suggested comment
iMtlZSA,Mon, 30 Nov 2020 20:20:52 GMT,hover,comment_mment_1604,interact with a suggested comment
iMtlZSA,Mon, 30 Nov 2020 20:20:56 GMT,click,serencomment_1628,interact with a suggested comment
iMtlZSA,Mon, 30 Nov 2020 20:20:56 GMT,hover,comment_mment_1628,interact with a suggested comment
iMtlZSA,Mon, 30 Nov 2020 20:20:57 GMT,click,serencomment_1494,interact with a suggested comment
iMtlZSA,Mon, 30 Nov 2020 20:20:57 GMT,hover,comment_mment_1494,interact with a suggested comment
iMtlZSA,Mon, 30 Nov 2020 20:20:57 GMT,click,serencomment_1301,interact with a suggested comment
iMtlZSA,Mon, 30 Nov 2020 20:20:58 GMT,hover,comment_mment_1301,interact with a suggested comment
iMtlZSA,Mon, 30 Nov 2020 20:20:58 GMT,click,serencomment_1616,interact with a suggested comment
iMtlZSA,Mon, 30 Nov 2020 20:20:59 GMT,click,serencomment_1380,interact with a suggested comment
iMtlZSA,Mon, 30 Nov 2020 20:20:59 GMT,hover,comment_mment_1380,interact with a suggested comment
iMtlZSA,Mon, 30 Nov 2020 20:21:02 GMT,click,serencomment_1494,interact with a suggested comment
iMtlZSA,Mon, 30 Nov 2020 20:21:03 GMT,hover,comment_mment_1494,interact with a suggested comment
iMtlZSA,Mon, 30 Nov 2020 20:21:03 GMT,click,serencomment_1301,interact with a suggested comment
iMtlZSA,Mon, 30 Nov 2020 20:21:04 GMT,hover,comment_mment_1301,interact with a suggested comment
iMtlZSA,Mon, 30 Nov 2020 20:21:04 GMT,click,serencomment_1616,interact with a suggested comment
iMtlZSA,Mon, 30 Nov 2020 20:21:06 GMT,hover,comment_mment_1616,interact with a suggested comment
iMtlZSA,Mon, 30 Nov 2020 20:21:10 GMT,click,serencomment_1491,interact with a suggested comment
iMtlZSA,Mon, 30 Nov 2020 20:21:14 GMT,hover,comment_mment_1380,interact with a suggested comment
iMtlZSA,Mon, 30 Nov 2020 20:21:15 GMT,hover,bar_coverback,hovered on metric bar
iMtlZSA,Mon, 30 Nov 2020 20:21:15 GMT,hover,bar_coverback,hovered on metric bar
iMtlZSA,Mon, 30 Nov 2020 20:21:16 GMT,click,bar_coverback,clicked on metric bar
iMtlZSA,Mon, 30 Nov 2020 20:21:18 GMT,click,bar_coverback,clicked on metric bar
iMtlZSA,Mon, 30 Nov 2020 20:21:18 GMT,hover,bar_visitback,hovered on metric bar
iMtlZSA,Mon, 30 Nov 2020 20:21:19 GMT,click,bar_visitback,clicked on metric bar
iMtlZSA,Mon, 30 Nov 2020 20:21:20 GMT,hover,bar_visitback,hovered on metric bar
iMtlZSA,Mon, 30 Nov 2020 20:21:21 GMT,click,bar_visitback,clicked on metric bar
iMtlZSA,Mon, 30 Nov 2020 20:21:23 GMT,hover,bar_coverback,hovered on metric bar
iMtlZSA,Mon, 30 Nov 2020 20:21:23 GMT,hover,bar_coverback,hovered on metric bar
iMtlZSA,Mon, 30 Nov 2020 20:21:24 GMT,hover,bar_coverback,hovered on metric bar
iMtlZSA,Mon, 30 Nov 2020 20:21:24 GMT,hover,bar_coverback,hovered on metric bar
iMtlZSA,Mon, 30 Nov 2020 20:22:12 GMT,hover,bar_coverback,hovered on metric bar
iMtlZSA,Mon, 30 Nov 2020 20:22:18 GMT,hover,comment_1308,interact with a comment
iMtlZSA,Mon, 30 Nov 2020 20:22:18 GMT,hover,bar_visitback,hovered on metric bar
iMtlZSA,Mon, 30 Nov 2020 20:22:22 GMT,click,search_undefined,search a keyword
iMtlZSA,Mon, 30 Nov 2020 20:22:23 GMT,hover,bar_visitback,hovered on metric bar
iMtlZSA,Mon, 30 Nov 2020 20:22:25 GMT,hover,bar_visitback,hovered on metric bar
iMtlZSA,Mon, 30 Nov 2020 20:22:37 GMT,click,comment_1520,interact with a comment
iMtlZSA,Mon, 30 Nov 2020 20:22:38 GMT,hover,comment_1520,interact with a comment
iMtlZSA,Mon, 30 Nov 2020 20:22:49 GMT,hover,bar_visitback,hovered on metric bar
iMtlZSA,Mon, 30 Nov 2020 20:22:49 GMT,hover,bar_visitback,hovered on metric bar
iMtlZSA,Mon, 30 Nov 2020 20:22:49 GMT,hover,bar_visitback,hovered on metric bar
iMtlZSA,Mon, 30 Nov 2020 20:22:49 GMT,hover,bar_visitback,hovered on metric bar
iMtlZSA,Mon, 30 Nov 2020 20:22:50 GMT,hover,bar_visitback,hovered on metric bar
iMtlZSA,Mon, 30 Nov 2020 20:22:52 GMT,click,product_1,select product from dropdown
iMtlZSA,Mon, 30 Nov 2020 20:22:52 GMT,click,dice,get suggested comments
iMtlZSA,Mon, 30 Nov 2020 20:22:56 GMT,hover,bar_visitback,hovered on metric bar
iMtlZSA,Mon, 30 Nov 2020 20:22:56 GMT,hover,bar_visitback,hovered on metric bar
iMtlZSA,Mon, 30 Nov 2020 20:22:56 GMT,hover,bar_visitback,hovered on metric bar
iMtlZSA,Mon, 30 Nov 2020 20:22:59 GMT,click,serencomment_853,interact with a suggested comment
iMtlZSA,Mon, 30 Nov 2020 20:23:02 GMT,click,serencomment_743,interact with a suggested comment
iMtlZSA,Mon, 30 Nov 2020 20:23:04 GMT,hover,comment_mment_857,interact with a suggested comment
iMtlZSA,Mon, 30 Nov 2020 20:23:05 GMT,hover,bar_coverback,hovered on metric bar
iMtlZSA,Mon, 30 Nov 2020 20:23:05 GMT,hover,bar_coverback,hovered on metric bar
iMtlZSA,Mon, 30 Nov 2020 20:23:06 GMT,click,bar_coverback,clicked on metric bar
iMtlZSA,Mon, 30 Nov 2020 20:23:08 GMT,click,bar_coverback,clicked on metric bar
iMtlZSA,Mon, 30 Nov 2020 20:23:08 GMT,hover,bar_coverback,hovered on metric bar
iMtlZSA,Mon, 30 Nov 2020 20:23:08 GMT,hover,bar_visitback,hovered on metric bar
iMtlZSA,Mon, 30 Nov 2020 20:23:09 GMT,click,bar_visitback,clicked on metric bar
iMtlZSA,Mon, 30 Nov 2020 20:23:10 GMT,hover,bar_visitback,hovered on metric bar
iMtlZSA,Mon, 30 Nov 2020 20:23:11 GMT,click,bar_visitback,clicked on metric bar
iMtlZSA,Mon, 30 Nov 2020 20:23:12 GMT,hover,bar_coverback,hovered on metric bar
iMtlZSA,Mon, 30 Nov 2020 20:23:12 GMT,hover,bar_coverback,hovered on metric bar
iMtlZSA,Mon, 30 Nov 2020 20:23:13 GMT,click,serencomment_930,interact with a suggested comment
iMtlZSA,Mon, 30 Nov 2020 20:23:17 GMT,click,serencomment_1226,interact with a suggested comment
iMtlZSA,Mon, 30 Nov 2020 20:23:22 GMT,click,serencomment_1048,interact with a suggested comment
iMtlZSA,Mon, 30 Nov 2020 20:23:24 GMT,hover,comment_mment_1048,interact with a suggested comment
iMtlZSA,Mon, 30 Nov 2020 20:23:29 GMT,hover,comment_mment_1171,interact with a suggested comment
iMtlZSA,Mon, 30 Nov 2020 20:23:38 GMT,hover,comment_mment_837,interact with a suggested comment
iMtlZSA,Mon, 30 Nov 2020 20:23:39 GMT,hover,comment_mment_1140,interact with a suggested comment
iMtlZSA,Mon, 30 Nov 2020 20:23:47 GMT,click,serencomment_879,interact with a suggested comment
iMtlZSA,Mon, 30 Nov 2020 20:23:48 GMT,hover,comment_mment_879,interact with a suggested comment
iMtlZSA,Mon, 30 Nov 2020 20:23:49 GMT,click,serencomment_612,interact with a suggested comment
iMtlZSA,Mon, 30 Nov 2020 20:23:52 GMT,click,serencomment_784,interact with a suggested comment
iMtlZSA,Mon, 30 Nov 2020 20:23:57 GMT,click,serencomment_811,interact with a suggested comment
iMtlZSA,Mon, 30 Nov 2020 20:24:28 GMT,click,serencomment_1186,interact with a suggested comment
iMtlZSA,Mon, 30 Nov 2020 20:24:29 GMT,hover,comment_mment_1186,interact with a suggested comment
iMtlZSA,Mon, 30 Nov 2020 20:24:31 GMT,hover,bar_coverback,hovered on metric bar
iMtlZSA,Mon, 30 Nov 2020 20:24:32 GMT,click,bar_coverback,clicked on metric bar
iMtlZSA,Mon, 30 Nov 2020 20:24:33 GMT,click,bar_coverback,clicked on metric bar
iMtlZSA,Mon, 30 Nov 2020 20:24:33 GMT,hover,bar_coverback,hovered on metric bar
iMtlZSA,Mon, 30 Nov 2020 20:24:33 GMT,hover,bar_coverback,hovered on metric bar
iMtlZSA,Mon, 30 Nov 2020 20:24:33 GMT,hover,bar_visitback,hovered on metric bar
iMtlZSA,Mon, 30 Nov 2020 20:24:34 GMT,hover,bar_visitback,hovered on metric bar
iMtlZSA,Mon, 30 Nov 2020 20:24:34 GMT,click,bar_visitback,clicked on metric bar
iMtlZSA,Mon, 30 Nov 2020 20:24:35 GMT,click,bar_visitback,clicked on metric bar
iMtlZSA,Mon, 30 Nov 2020 20:37:48 GMT,hover,bar_distback,hovered on metric bar
iMtlZSA,Mon, 30 Nov 2020 20:37:48 GMT,hover,bar_distback,hovered on metric bar
iMtlZSA,Mon, 30 Nov 2020 20:42:44 GMT,hover,bar_distback,hovered on metric bar
iMtlZSA,Mon, 30 Nov 2020 21:03:47 GMT,hover,bar_coverback,hovered on metric bar
iMtlZSA,Mon, 30 Nov 2020 21:03:48 GMT,hover,bar_coverback,hovered on metric bar
iMtlZSA,Mon, 30 Nov 2020 21:03:50 GMT,hover,bar_distback,hovered on metric bar
iMtlZSA,Mon, 30 Nov 2020 21:03:52 GMT,hover,bar_distback,hovered on metric bar
iMtlZSA,Mon, 30 Nov 2020 21:03:53 GMT,hover,bar_distback,hovered on metric bar
iMtlZSA,Mon, 30 Nov 2020 21:03:53 GMT,hover,bar_coverback,hovered on metric bar
iMtlZSA,Mon, 30 Nov 2020 21:03:54 GMT,hover,bar_coverback,hovered on metric bar
iMtlZSA,Mon, 30 Nov 2020 21:03:56 GMT,hover,bar_visitback,hovered on metric bar
iMtlZSA,Mon, 30 Nov 2020 21:03:58 GMT,hover,bar_coverback,hovered on metric bar
iMtlZSA,Mon, 30 Nov 2020 21:03:58 GMT,hover,bar_coverback,hovered on metric bar
iMtlZSA,Mon, 30 Nov 2020 21:03:58 GMT,hover,bar_distback,hovered on metric bar
iMtlZSA,Mon, 30 Nov 2020 21:04:03 GMT,hover,bar_distback,hovered on metric bar
iMtlZSA,Mon, 30 Nov 2020 21:04:03 GMT,hover,bar_coverback,hovered on metric bar
iMtlZSA,Mon, 30 Nov 2020 21:04:04 GMT,hover,bar_coverback,hovered on metric bar
iMtlZSA,Mon, 30 Nov 2020 21:04:04 GMT,hover,bar_coverback,hovered on metric bar
iMtlZSA,Mon, 30 Nov 2020 21:04:05 GMT,hover,bar_coverback,hovered on metric bar
iMtlZSA,Mon, 30 Nov 2020 21:04:05 GMT,hover,bar_visitback,hovered on metric bar
iMtlZSA,Mon, 30 Nov 2020 21:04:06 GMT,hover,bar_visitback,hovered on metric bar
iMtlZSA,Mon, 30 Nov 2020 21:06:10 GMT,click,ngram_five stars,select an ngram
iMtlZSA,Mon, 30 Nov 2020 21:06:11 GMT,hover,bar_coverback,hovered on metric bar
iMtlZSA,Mon, 30 Nov 2020 21:06:13 GMT,hover,comment_813,interact with a comment
iMtlZSA,Mon, 30 Nov 2020 21:06:16 GMT,hover,comment_907,interact with a comment
iMtlZSA,Mon, 30 Nov 2020 21:06:16 GMT,hover,comment_813,interact with a comment
iMtlZSA,Mon, 30 Nov 2020 21:07:21 GMT,hover,bar_distback,hovered on metric bar
iMtlZSA,Mon, 30 Nov 2020 21:07:27 GMT,hover,bar_distback,hovered on metric bar
iMtlZSA,Mon, 30 Nov 2020 21:07:27 GMT,hover,bar_distback,hovered on metric bar
iMtlZSA,Mon, 30 Nov 2020 21:07:29 GMT,hover,bar_distback,hovered on metric bar
iMtlZSA,Mon, 30 Nov 2020 21:10:28 GMT,hover,bar_distback,hovered on metric bar
iMtlZSA,Mon, 30 Nov 2020 21:10:29 GMT,hover,bar_distback,hovered on metric bar
iMtlZSA,Mon, 30 Nov 2020 21:10:29 GMT,hover,bar_distback,hovered on metric bar
iMtlZSA,Mon, 30 Nov 2020 21:10:29 GMT,hover,bar_coverback,hovered on metric bar
iMtlZSA,Mon, 30 Nov 2020 21:10:31 GMT,hover,bar_coverback,hovered on metric bar
iMtlZSA,Mon, 30 Nov 2020 21:10:32 GMT,click,sentiment_Negative,select a sentiment
iMtlZSA,Mon, 30 Nov 2020 21:10:32 GMT,click,sentiment_Neutral,select a sentiment
iMtlZSA,Mon, 30 Nov 2020 21:10:33 GMT,click,sentiment_Positive,select a sentiment
iMtlZSA,Mon, 30 Nov 2020 21:10:34 GMT,hover,bar_coverback,hovered on metric bar
iMtlZSA,Mon, 30 Nov 2020 21:10:35 GMT,click,comment_766,interact with a comment
iMtlZSA,Mon, 30 Nov 2020 21:10:35 GMT,hover,comment_766,interact with a comment
iMtlZSA,Mon, 30 Nov 2020 21:10:35 GMT,click,comment_977,interact with a comment
iMtlZSA,Mon, 30 Nov 2020 21:10:35 GMT,hover,comment_977,interact with a comment
iMtlZSA,Mon, 30 Nov 2020 21:10:36 GMT,click,comment_1243,interact with a comment
iMtlZSA,Mon, 30 Nov 2020 21:10:37 GMT,click,comment_682,interact with a comment
iMtlZSA,Mon, 30 Nov 2020 21:10:37 GMT,hover,comment_682,interact with a comment
iMtlZSA,Mon, 30 Nov 2020 21:10:37 GMT,click,comment_990,interact with a comment
iMtlZSA,Mon, 30 Nov 2020 21:10:38 GMT,click,comment_978,interact with a comment
iMtlZSA,Mon, 30 Nov 2020 21:10:38 GMT,hover,comment_978,interact with a comment
iMtlZSA,Mon, 30 Nov 2020 21:10:39 GMT,hover,bar_coverback,hovered on metric bar
iMtlZSA,Mon, 30 Nov 2020 21:10:39 GMT,hover,bar_coverback,hovered on metric bar
iMtlZSA,Mon, 30 Nov 2020 21:10:40 GMT,click,sentiment_Neutral,select a sentiment
iMtlZSA,Mon, 30 Nov 2020 21:10:41 GMT,hover,bar_coverback,hovered on metric bar
iMtlZSA,Mon, 30 Nov 2020 21:10:42 GMT,hover,bar_coverback,hovered on metric bar
iMtlZSA,Mon, 30 Nov 2020 21:10:42 GMT,click,sentiment_Negative,select a sentiment
iMtlZSA,Mon, 30 Nov 2020 21:10:42 GMT,hover,bar_coverback,hovered on metric bar
iMtlZSA,Mon, 30 Nov 2020 21:10:44 GMT,click,comment_756,interact with a comment
iMtlZSA,Mon, 30 Nov 2020 21:10:44 GMT,hover,comment_756,interact with a comment
iMtlZSA,Mon, 30 Nov 2020 21:10:46 GMT,hover,bar_distback,hovered on metric bar
iMtlZSA,Mon, 30 Nov 2020 21:10:47 GMT,click,bar_distback,clicked on metric bar
iMtlZSA,Mon, 30 Nov 2020 21:27:24 GMT,hover,bar_coverback,hovered on metric bar
iMtlZSA,Mon, 30 Nov 2020 21:31:28 GMT,hover,bar_coverback,hovered on metric bar
iMtlZSA,Mon, 30 Nov 2020 21:31:29 GMT,hover,bar_coverback,hovered on metric bar
iMtlZSA,Mon, 30 Nov 2020 22:29:10 GMT,hover,bar_coverback,hovered on metric bar
