tpVWFQy5,Sat, 07 Nov 2020 04:34:04 GMT,pre_q,preq3Select,Yes
tpVWFQy5,Sat, 07 Nov 2020 04:34:04 GMT,pre_q,preq4,Yes
tpVWFQy5,Sat, 07 Nov 2020 04:34:04 GMT,pre_q,preq1,0
tpVWFQy5,Sat, 07 Nov 2020 04:34:04 GMT,pre_q,preq3YesDecisionSelect,1
tpVWFQy5,Sat, 07 Nov 2020 04:34:04 GMT,pre_q,preq2,1
tpVWFQy5,Sat, 07 Nov 2020 04:34:04 GMT,pre_q,preq3YesTimeSelect,0
tpVWFQy5,Sat, 07 Nov 2020 04:34:04 GMT,pre_q,totaltime,7622s
tpVWFQy5,Sat, 07 Nov 2020 04:34:11 GMT,click,product_1,select product from dropdown
tpVWFQy5,Sat, 07 Nov 2020 04:34:11 GMT,click,dice,get suggested comments
tpVWFQy5,Sat, 07 Nov 2020 04:34:11 GMT,hover,bar_coverback,hovered on metric bar
tpVWFQy5,Sat, 07 Nov 2020 04:34:11 GMT,hover,bar_coverback,hovered on metric bar
tpVWFQy5,Sat, 07 Nov 2020 04:34:12 GMT,click,comment_813,interact with a comment
tpVWFQy5,Sat, 07 Nov 2020 04:34:12 GMT,click,comment_956,interact with a comment
tpVWFQy5,Sat, 07 Nov 2020 04:34:12 GMT,hover,bar_distback,hovered on metric bar
tpVWFQy5,Sat, 07 Nov 2020 04:34:13 GMT,study,totaltime,4926s
tpVWFQy5,Sat, 07 Nov 2020 04:34:46 GMT,post_q,postq1,0
tpVWFQy5,Sat, 07 Nov 2020 04:34:46 GMT,post_q,postq18,qwe
tpVWFQy5,Sat, 07 Nov 2020 04:34:46 GMT,post_q,postq7YesText,asdasd
tpVWFQy5,Sat, 07 Nov 2020 04:34:46 GMT,post_q,postq7Select,Yes
tpVWFQy5,Sat, 07 Nov 2020 04:34:46 GMT,post_q,postq12,Not useful at all
tpVWFQy5,Sat, 07 Nov 2020 04:34:46 GMT,post_q,postq11YesText,asdad
tpVWFQy5,Sat, 07 Nov 2020 04:34:46 GMT,post_q,postq14,Not useful at all
tpVWFQy5,Sat, 07 Nov 2020 04:34:46 GMT,post_q,postq4,Not confident at all
tpVWFQy5,Sat, 07 Nov 2020 04:34:46 GMT,post_q,postq17,asdasd
tpVWFQy5,Sat, 07 Nov 2020 04:34:46 GMT,post_q,postq15Select,Yes
tpVWFQy5,Sat, 07 Nov 2020 04:34:46 GMT,post_q,postq5,Not confident at all
tpVWFQy5,Sat, 07 Nov 2020 04:34:46 GMT,post_q,postq15YesText,asdasd
tpVWFQy5,Sat, 07 Nov 2020 04:34:46 GMT,post_q,postq13Select,Yes
tpVWFQy5,Sat, 07 Nov 2020 04:34:46 GMT,post_q,postq10YesText,asdads
tpVWFQy5,Sat, 07 Nov 2020 04:34:46 GMT,post_q,postq13YesText,asdasd
tpVWFQy5,Sat, 07 Nov 2020 04:34:46 GMT,post_q,postq2,asd
tpVWFQy5,Sat, 07 Nov 2020 04:34:46 GMT,post_q,postq8YesText,asdasd
tpVWFQy5,Sat, 07 Nov 2020 04:34:46 GMT,post_q,postq3Select,No
tpVWFQy5,Sat, 07 Nov 2020 04:34:46 GMT,post_q,postq11Select,Yes
tpVWFQy5,Sat, 07 Nov 2020 04:34:46 GMT,post_q,postq9,Not useful at all
tpVWFQy5,Sat, 07 Nov 2020 04:34:47 GMT,post_q,postq8Select,Yes
tpVWFQy5,Sat, 07 Nov 2020 04:34:47 GMT,post_q,postq10Select,Yes
tpVWFQy5,Sat, 07 Nov 2020 04:34:47 GMT,post_q,postq6,Not useful at all
tpVWFQy5,Sat, 07 Nov 2020 04:34:47 GMT,post_q,postq16,qwe
tpVWFQy5,Sat, 07 Nov 2020 04:34:47 GMT,post_q,totaltime,33144s
tpVWFQy5,Sun, 08 Nov 2020 22:27:56 GMT,pre_q,preq1,1
tpVWFQy5,Sun, 08 Nov 2020 22:27:56 GMT,pre_q,preq3YesDecisionSelect,
tpVWFQy5,Sun, 08 Nov 2020 22:27:56 GMT,pre_q,preq4,Maybe
tpVWFQy5,Sun, 08 Nov 2020 22:27:56 GMT,pre_q,preq3YesTimeSelect,
tpVWFQy5,Sun, 08 Nov 2020 22:27:56 GMT,pre_q,preq2,1
tpVWFQy5,Sun, 08 Nov 2020 22:27:56 GMT,pre_q,preq3Select,No
tpVWFQy5,Sun, 08 Nov 2020 22:27:56 GMT,pre_q,totaltime,764377s
tpVWFQy5,Sun, 08 Nov 2020 22:28:35 GMT,click,product_0,select product from dropdown
tpVWFQy5,Sun, 08 Nov 2020 22:28:35 GMT,click,dice,get suggested comments
tpVWFQy5,Sun, 08 Nov 2020 22:28:36 GMT,hover,bar_distback,hovered on metric bar
tpVWFQy5,Sun, 08 Nov 2020 22:28:37 GMT,study,totaltime,5958s
tpVWFQy5,Fri, 13 Nov 2020 17:50:03 GMT,click,product_0,select product from dropdown
tpVWFQy5,Fri, 13 Nov 2020 17:50:03 GMT,click,dice,get suggested comments
tpVWFQy5,Fri, 13 Nov 2020 17:50:07 GMT,hover,bar_visitback,hovered on metric bar
tpVWFQy5,Fri, 13 Nov 2020 17:50:22 GMT,hover,bar_visitback,hovered on metric bar
tpVWFQy5,Fri, 13 Nov 2020 17:50:27 GMT,click,product_0,select product from dropdown
tpVWFQy5,Fri, 13 Nov 2020 17:50:27 GMT,click,dice,get suggested comments
tpVWFQy5,Fri, 13 Nov 2020 17:50:36 GMT,click,product_0,select product from dropdown
tpVWFQy5,Fri, 13 Nov 2020 17:50:37 GMT,click,dice,get suggested comments
tpVWFQy5,Fri, 13 Nov 2020 17:50:37 GMT,hover,bar_visitback,hovered on metric bar
tpVWFQy5,Fri, 13 Nov 2020 17:50:42 GMT,hover,bar_coverback,hovered on metric bar
tpVWFQy5,Fri, 13 Nov 2020 17:50:42 GMT,hover,bar_distback,hovered on metric bar
tpVWFQy5,Fri, 13 Nov 2020 17:50:45 GMT,click,comment_394,interact with a comment
tpVWFQy5,Fri, 13 Nov 2020 17:50:59 GMT,click,comment_502,interact with a comment
tpVWFQy5,Fri, 13 Nov 2020 17:51:04 GMT,click,comment_470,interact with a comment
tpVWFQy5,Fri, 13 Nov 2020 17:51:10 GMT,click,comment_382,interact with a comment
tpVWFQy5,Fri, 13 Nov 2020 18:16:05 GMT,click,product_5,select product from dropdown
tpVWFQy5,Fri, 13 Nov 2020 18:16:05 GMT,click,dice,get suggested comments
tpVWFQy5,Fri, 13 Nov 2020 18:16:06 GMT,hover,bar_visitback,hovered on metric bar
tpVWFQy5,Fri, 13 Nov 2020 18:16:12 GMT,click,dice,remove suggested comments
tpVWFQy5,Fri, 13 Nov 2020 18:16:13 GMT,click,dice,get suggested comments
tpVWFQy5,Fri, 13 Nov 2020 18:16:14 GMT,hover,bar_coverback,hovered on metric bar
tpVWFQy5,Fri, 13 Nov 2020 18:16:18 GMT,click,comment_4139,interact with a comment
tpVWFQy5,Fri, 13 Nov 2020 18:16:23 GMT,click,comment_3973,interact with a comment
tpVWFQy5,Fri, 13 Nov 2020 18:16:25 GMT,hover,bar_coverback,hovered on metric bar
tpVWFQy5,Fri, 13 Nov 2020 18:16:30 GMT,click,product_0,select product from dropdown
tpVWFQy5,Fri, 13 Nov 2020 18:16:30 GMT,click,dice,get suggested comments
tpVWFQy5,Fri, 13 Nov 2020 18:16:30 GMT,hover,bar_coverback,hovered on metric bar
tpVWFQy5,Fri, 13 Nov 2020 18:16:33 GMT,click,comment_502,interact with a comment
tpVWFQy5,Fri, 13 Nov 2020 18:16:37 GMT,click,comment_470,interact with a comment
tpVWFQy5,Fri, 13 Nov 2020 18:16:43 GMT,click,comment_615,interact with a comment
tpVWFQy5,Fri, 13 Nov 2020 18:16:47 GMT,hover,comment_615,interact with a comment
tpVWFQy5,Fri, 13 Nov 2020 18:16:57 GMT,hover,comment_mment_443,interact with a suggested comment
tpVWFQy5,Fri, 13 Nov 2020 18:17:07 GMT,click,serencomment_714,interact with a suggested comment
tpVWFQy5,Fri, 13 Nov 2020 18:17:16 GMT,hover,comment_mment_317,interact with a suggested comment
tpVWFQy5,Fri, 13 Nov 2020 18:17:24 GMT,click,serencomment_130,interact with a suggested comment
tpVWFQy5,Fri, 13 Nov 2020 18:17:30 GMT,click,comment_311,interact with a comment
tpVWFQy5,Fri, 13 Nov 2020 18:17:35 GMT,hover,bar_coverback,hovered on metric bar
tpVWFQy5,Fri, 13 Nov 2020 18:17:44 GMT,hover,bar_coverback,hovered on metric bar
tpVWFQy5,Fri, 13 Nov 2020 18:17:44 GMT,click,ngram_lifetime warranty,select an ngram
tpVWFQy5,Fri, 13 Nov 2020 18:17:49 GMT,click,comment_451,interact with a comment
tpVWFQy5,Fri, 13 Nov 2020 18:17:54 GMT,hover,comment_451,interact with a comment
tpVWFQy5,Fri, 13 Nov 2020 18:17:54 GMT,hover,bar_visitback,hovered on metric bar
tpVWFQy5,Fri, 13 Nov 2020 19:23:12 GMT,click,product_0,select product from dropdown
tpVWFQy5,Fri, 13 Nov 2020 19:23:12 GMT,click,dice,get suggested comments
tpVWFQy5,Fri, 13 Nov 2020 19:23:41 GMT,click,ngram_great sound,select an ngram
tpVWFQy5,Fri, 13 Nov 2020 19:24:02 GMT,click,ngram_great sound,deselect an ngram
tpVWFQy5,Fri, 13 Nov 2020 19:24:03 GMT,hover,bar_visitback,hovered on metric bar
tpVWFQy5,Fri, 13 Nov 2020 19:24:04 GMT,click,comment_502,interact with a comment
tpVWFQy5,Fri, 13 Nov 2020 19:24:06 GMT,hover,comment_502,interact with a comment
tpVWFQy5,Fri, 13 Nov 2020 19:24:17 GMT,click,comment_470,interact with a comment
tpVWFQy5,Fri, 13 Nov 2020 19:25:05 GMT,click,serencomment_714,interact with a suggested comment
tpVWFQy5,Fri, 13 Nov 2020 19:25:47 GMT,hover,bar_distback,hovered on metric bar
tpVWFQy5,Fri, 13 Nov 2020 19:25:47 GMT,hover,bar_coverback,hovered on metric bar
tpVWFQy5,Fri, 13 Nov 2020 19:25:48 GMT,click,sentiment_Negative,select a sentiment
tpVWFQy5,Fri, 13 Nov 2020 19:25:50 GMT,hover,bar_coverback,hovered on metric bar
tpVWFQy5,Fri, 13 Nov 2020 19:25:54 GMT,click,comment_130,interact with a comment
tpVWFQy5,Fri, 13 Nov 2020 19:25:55 GMT,click,comment_489,interact with a comment
tpVWFQy5,Fri, 13 Nov 2020 19:25:57 GMT,click,comment_465,interact with a comment
tpVWFQy5,Fri, 13 Nov 2020 19:26:00 GMT,click,comment_253,interact with a comment
tpVWFQy5,Fri, 13 Nov 2020 19:26:02 GMT,hover,comment_253,interact with a comment
tpVWFQy5,Fri, 13 Nov 2020 19:26:04 GMT,hover,bar_distback,hovered on metric bar
tpVWFQy5,Fri, 13 Nov 2020 19:26:26 GMT,click,comment_509,interact with a comment
tpVWFQy5,Fri, 13 Nov 2020 19:26:27 GMT,click,comment_280,interact with a comment
tpVWFQy5,Fri, 13 Nov 2020 19:26:33 GMT,hover,bar_coverback,hovered on metric bar
tpVWFQy5,Fri, 13 Nov 2020 19:26:33 GMT,hover,bar_coverback,hovered on metric bar
tpVWFQy5,Fri, 13 Nov 2020 19:26:46 GMT,hover,bar_coverback,hovered on metric bar
tpVWFQy5,Fri, 13 Nov 2020 19:26:47 GMT,click,ngram_great price,select an ngram
tpVWFQy5,Fri, 13 Nov 2020 19:26:48 GMT,click,comment_12,interact with a comment
tpVWFQy5,Fri, 13 Nov 2020 19:26:49 GMT,click,comment_613,interact with a comment
tpVWFQy5,Fri, 13 Nov 2020 19:26:49 GMT,click,comment_98,interact with a comment
tpVWFQy5,Fri, 13 Nov 2020 19:26:50 GMT,click,comment_281,interact with a comment
tpVWFQy5,Fri, 13 Nov 2020 19:26:51 GMT,click,comment_391,interact with a comment
tpVWFQy5,Fri, 13 Nov 2020 19:26:54 GMT,hover,bar_coverback,hovered on metric bar
tpVWFQy5,Fri, 13 Nov 2020 19:26:59 GMT,hover,bar_coverback,hovered on metric bar
tpVWFQy5,Fri, 13 Nov 2020 19:26:59 GMT,hover,bar_visitback,hovered on metric bar
tpVWFQy5,Fri, 13 Nov 2020 19:27:01 GMT,hover,bar_visitback,hovered on metric bar
tpVWFQy5,Fri, 13 Nov 2020 19:27:07 GMT,hover,bar_visitback,hovered on metric bar
tpVWFQy5,Fri, 13 Nov 2020 19:27:15 GMT,hover,bar_visitback,hovered on metric bar
tpVWFQy5,Fri, 13 Nov 2020 19:27:15 GMT,hover,bar_coverback,hovered on metric bar
tpVWFQy5,Fri, 13 Nov 2020 19:27:15 GMT,hover,bar_coverback,hovered on metric bar
tpVWFQy5,Fri, 13 Nov 2020 19:27:23 GMT,hover,bar_coverback,hovered on metric bar
tpVWFQy5,Fri, 13 Nov 2020 19:27:23 GMT,hover,bar_distback,hovered on metric bar
tpVWFQy5,Fri, 13 Nov 2020 19:27:23 GMT,hover,bar_distback,hovered on metric bar
tpVWFQy5,Fri, 13 Nov 2020 19:27:46 GMT,hover,bar_distback,hovered on metric bar
tpVWFQy5,Fri, 13 Nov 2020 19:28:53 GMT,hover,bar_visitback,hovered on metric bar
tpVWFQy5,Fri, 13 Nov 2020 19:28:53 GMT,hover,bar_visitback,hovered on metric bar
tpVWFQy5,Fri, 13 Nov 2020 19:28:53 GMT,hover,bar_coverback,hovered on metric bar
tpVWFQy5,Fri, 13 Nov 2020 19:28:53 GMT,hover,bar_coverback,hovered on metric bar
tpVWFQy5,Fri, 13 Nov 2020 19:28:53 GMT,hover,bar_distback,hovered on metric bar
tpVWFQy5,Fri, 13 Nov 2020 19:31:47 GMT,hover,bar_visitback,hovered on metric bar
tpVWFQy5,Fri, 13 Nov 2020 19:31:48 GMT,hover,bar_coverback,hovered on metric bar
tpVWFQy5,Fri, 13 Nov 2020 19:31:48 GMT,click,sentiment_Negative,deselect a sentiment
tpVWFQy5,Fri, 13 Nov 2020 19:31:49 GMT,click,ngram_great price,deselect an ngram
tpVWFQy5,Fri, 13 Nov 2020 19:31:50 GMT,click,sentiment_Positive,select a sentiment
tpVWFQy5,Fri, 13 Nov 2020 19:31:52 GMT,click,sentiment_Neutral,select a sentiment
tpVWFQy5,Fri, 13 Nov 2020 19:31:53 GMT,click,sentiment_Negative,select a sentiment
tpVWFQy5,Fri, 13 Nov 2020 19:31:54 GMT,hover,bar_coverback,hovered on metric bar
tpVWFQy5,Fri, 13 Nov 2020 19:40:10 GMT,hover,comment_mment_443,interact with a suggested comment
tpVWFQy5,Fri, 13 Nov 2020 19:47:46 GMT,hover,bar_coverback,hovered on metric bar
tpVWFQy5,Fri, 13 Nov 2020 19:47:46 GMT,hover,bar_coverback,hovered on metric bar
tpVWFQy5,Fri, 13 Nov 2020 19:48:44 GMT,hover,bar_coverback,hovered on metric bar
tpVWFQy5,Fri, 13 Nov 2020 19:48:44 GMT,hover,bar_coverback,hovered on metric bar
tpVWFQy5,Fri, 13 Nov 2020 19:48:44 GMT,hover,bar_coverback,hovered on metric bar
tpVWFQy5,Fri, 13 Nov 2020 19:48:47 GMT,hover,bar_visitback,hovered on metric bar
tpVWFQy5,Fri, 13 Nov 2020 19:48:51 GMT,hover,bar_coverback,hovered on metric bar
tpVWFQy5,Fri, 13 Nov 2020 19:48:51 GMT,hover,bar_coverback,hovered on metric bar
tpVWFQy5,Fri, 13 Nov 2020 19:54:35 GMT,click,comment_481,interact with a comment
tpVWFQy5,Fri, 13 Nov 2020 19:56:01 GMT,hover,bar_visitback,hovered on metric bar
tpVWFQy5,Fri, 13 Nov 2020 19:56:01 GMT,hover,bar_visitback,hovered on metric bar
tpVWFQy5,Fri, 13 Nov 2020 19:56:01 GMT,hover,bar_visitback,hovered on metric bar
tpVWFQy5,Fri, 13 Nov 2020 19:56:02 GMT,hover,bar_visitback,hovered on metric bar
tpVWFQy5,Fri, 13 Nov 2020 19:56:53 GMT,click,serencomment_110,interact with a suggested comment
tpVWFQy5,Fri, 13 Nov 2020 19:56:53 GMT,hover,comment_mment_110,interact with a suggested comment
tpVWFQy5,Fri, 13 Nov 2020 19:58:36 GMT,hover,bar_distback,hovered on metric bar
tpVWFQy5,Fri, 13 Nov 2020 19:58:56 GMT,hover,bar_distback,hovered on metric bar
tpVWFQy5,Fri, 13 Nov 2020 19:58:56 GMT,hover,bar_distback,hovered on metric bar
tpVWFQy5,Fri, 13 Nov 2020 19:58:56 GMT,hover,bar_coverback,hovered on metric bar
tpVWFQy5,Fri, 13 Nov 2020 19:58:59 GMT,hover,bar_distback,hovered on metric bar
tpVWFQy5,Fri, 13 Nov 2020 19:58:59 GMT,hover,bar_distback,hovered on metric bar
tpVWFQy5,Fri, 13 Nov 2020 20:04:01 GMT,hover,bar_distback,hovered on metric bar
tpVWFQy5,Fri, 13 Nov 2020 20:05:56 GMT,hover,bar_visitback,hovered on metric bar
tpVWFQy5,Fri, 13 Nov 2020 20:06:39 GMT,hover,bar_visitback,hovered on metric bar
tpVWFQy5,Fri, 13 Nov 2020 20:06:40 GMT,hover,bar_coverback,hovered on metric bar
tpVWFQy5,Fri, 13 Nov 2020 20:07:07 GMT,hover,bar_coverback,hovered on metric bar
tpVWFQy5,Fri, 13 Nov 2020 20:07:08 GMT,click,sentiment_Negative,deselect a sentiment
tpVWFQy5,Fri, 13 Nov 2020 20:07:08 GMT,hover,bar_coverback,hovered on metric bar
tpVWFQy5,Fri, 13 Nov 2020 20:09:05 GMT,click,ngram_great price,select an ngram
tpVWFQy5,Fri, 13 Nov 2020 20:09:06 GMT,click,ngram_really good,select an ngram
tpVWFQy5,Fri, 13 Nov 2020 20:09:08 GMT,click,ngram_really good,deselect an ngram
tpVWFQy5,Fri, 13 Nov 2020 20:09:36 GMT,click,ngram_really good,select an ngram
tpVWFQy5,Fri, 13 Nov 2020 20:09:37 GMT,click,ngram_excellent sound,select an ngram
tpVWFQy5,Fri, 13 Nov 2020 20:11:19 GMT,click,ngram_great sound,select an ngram
tpVWFQy5,Fri, 13 Nov 2020 20:11:23 GMT,hover,bar_visitback,hovered on metric bar
tpVWFQy5,Fri, 13 Nov 2020 20:11:31 GMT,click,ngram_great sound,deselect an ngram
tpVWFQy5,Fri, 13 Nov 2020 20:11:40 GMT,hover,bar_coverback,hovered on metric bar
tpVWFQy5,Fri, 13 Nov 2020 20:11:41 GMT,click,ngram_sound quality,select an ngram
tpVWFQy5,Fri, 13 Nov 2020 20:12:04 GMT,click,ngram_sound quality,deselect an ngram
tpVWFQy5,Fri, 13 Nov 2020 20:25:57 GMT,hover,bar_distback,hovered on metric bar
tpVWFQy5,Mon, 16 Nov 2020 01:05:05 GMT,click,product_2,select product from dropdown
tpVWFQy5,Mon, 16 Nov 2020 01:05:05 GMT,click,dice,get suggested comments
tpVWFQy5,Mon, 16 Nov 2020 01:05:21 GMT,hover,bar_visitback,hovered on metric bar
tpVWFQy5,Mon, 16 Nov 2020 01:05:22 GMT,hover,bar_visitback,hovered on metric bar
tpVWFQy5,Mon, 16 Nov 2020 01:05:34 GMT,click,product_2,select product from dropdown
tpVWFQy5,Mon, 16 Nov 2020 01:05:34 GMT,click,dice,get suggested comments
tpVWFQy5,Mon, 16 Nov 2020 01:05:34 GMT,hover,bar_visitback,hovered on metric bar
tpVWFQy5,Mon, 16 Nov 2020 01:05:34 GMT,hover,bar_visitback,hovered on metric bar
tpVWFQy5,Mon, 16 Nov 2020 01:05:37 GMT,hover,bar_visitback,hovered on metric bar
tpVWFQy5,Mon, 16 Nov 2020 01:05:37 GMT,hover,bar_visitback,hovered on metric bar
tpVWFQy5,Mon, 16 Nov 2020 01:05:44 GMT,click,product_0,select product from dropdown
tpVWFQy5,Mon, 16 Nov 2020 01:05:44 GMT,click,dice,get suggested comments
tpVWFQy5,Mon, 16 Nov 2020 01:06:11 GMT,click,product_3,select product from dropdown
tpVWFQy5,Mon, 16 Nov 2020 01:06:11 GMT,click,dice,get suggested comments
tpVWFQy5,Mon, 16 Nov 2020 01:06:11 GMT,hover,bar_visitback,hovered on metric bar
tpVWFQy5,Mon, 16 Nov 2020 01:06:20 GMT,click,product_3,select product from dropdown
tpVWFQy5,Mon, 16 Nov 2020 01:06:20 GMT,click,dice,get suggested comments
tpVWFQy5,Mon, 16 Nov 2020 01:06:21 GMT,hover,bar_visitback,hovered on metric bar
tpVWFQy5,Mon, 16 Nov 2020 01:10:07 GMT,hover,bar_visitback,hovered on metric bar
tpVWFQy5,Mon, 16 Nov 2020 01:10:12 GMT,click,product_1,select product from dropdown
tpVWFQy5,Mon, 16 Nov 2020 01:10:12 GMT,click,dice,get suggested comments
tpVWFQy5,Mon, 16 Nov 2020 01:10:26 GMT,hover,bar_distback,hovered on metric bar
tpVWFQy5,Mon, 16 Nov 2020 01:10:43 GMT,hover,bar_distback,hovered on metric bar
tpVWFQy5,Mon, 16 Nov 2020 01:10:44 GMT,hover,bar_distback,hovered on metric bar
tpVWFQy5,Mon, 16 Nov 2020 01:10:50 GMT,click,product_0,select product from dropdown
tpVWFQy5,Mon, 16 Nov 2020 01:10:50 GMT,click,dice,get suggested comments
tpVWFQy5,Mon, 16 Nov 2020 01:10:50 GMT,hover,bar_coverback,hovered on metric bar
tpVWFQy5,Mon, 16 Nov 2020 01:12:41 GMT,hover,bar_coverback,hovered on metric bar
tpVWFQy5,Mon, 16 Nov 2020 01:12:47 GMT,hover,comment_394,interact with a comment
tpVWFQy5,Mon, 16 Nov 2020 01:12:57 GMT,click,product_1,select product from dropdown
tpVWFQy5,Mon, 16 Nov 2020 01:12:58 GMT,click,dice,get suggested comments
tpVWFQy5,Mon, 16 Nov 2020 01:13:30 GMT,hover,bar_coverback,hovered on metric bar
tpVWFQy5,Mon, 16 Nov 2020 01:13:30 GMT,click,ngram_highly recommend,select an ngram
tpVWFQy5,Mon, 16 Nov 2020 01:13:34 GMT,hover,bar_coverback,hovered on metric bar
tpVWFQy5,Mon, 16 Nov 2020 01:13:35 GMT,click,ngram_mdr v6,select an ngram
tpVWFQy5,Mon, 16 Nov 2020 01:13:37 GMT,click,ngram_sony mdr,select an ngram
tpVWFQy5,Mon, 16 Nov 2020 01:13:38 GMT,click,ngram_years ago,select an ngram
tpVWFQy5,Mon, 16 Nov 2020 01:13:44 GMT,hover,comment_968,interact with a comment
tpVWFQy5,Mon, 16 Nov 2020 01:13:45 GMT,hover,bar_visitback,hovered on metric bar
tpVWFQy5,Mon, 16 Nov 2020 01:13:49 GMT,hover,bar_distback,hovered on metric bar
tpVWFQy5,Mon, 16 Nov 2020 01:13:49 GMT,hover,bar_distback,hovered on metric bar
tpVWFQy5,Mon, 16 Nov 2020 01:13:49 GMT,hover,bar_coverback,hovered on metric bar
tpVWFQy5,Mon, 16 Nov 2020 01:13:50 GMT,hover,bar_coverback,hovered on metric bar
tpVWFQy5,Mon, 16 Nov 2020 01:13:50 GMT,hover,bar_visitback,hovered on metric bar
tpVWFQy5,Mon, 16 Nov 2020 01:13:51 GMT,hover,bar_coverback,hovered on metric bar
tpVWFQy5,Mon, 16 Nov 2020 01:13:51 GMT,hover,bar_coverback,hovered on metric bar
tpVWFQy5,Mon, 16 Nov 2020 01:13:51 GMT,hover,bar_distback,hovered on metric bar
tpVWFQy5,Mon, 16 Nov 2020 01:13:52 GMT,hover,bar_distback,hovered on metric bar
tpVWFQy5,Mon, 16 Nov 2020 01:13:52 GMT,hover,bar_coverback,hovered on metric bar
tpVWFQy5,Mon, 16 Nov 2020 01:14:02 GMT,hover,bar_coverback,hovered on metric bar
tpVWFQy5,Mon, 16 Nov 2020 20:25:34 GMT,click,dice,get suggested comments
tpVWFQy5,Mon, 16 Nov 2020 20:25:34 GMT,click,product_0,select product from dropdown
tpVWFQy5,Mon, 16 Nov 2020 20:25:36 GMT,click,product_1,select product from dropdown
tpVWFQy5,Mon, 16 Nov 2020 20:25:36 GMT,click,dice,get suggested comments
tpVWFQy5,Mon, 16 Nov 2020 20:25:38 GMT,click,dice,get suggested comments
tpVWFQy5,Mon, 16 Nov 2020 20:25:38 GMT,click,product_2,select product from dropdown
tpVWFQy5,Mon, 16 Nov 2020 20:25:40 GMT,click,product_3,select product from dropdown
tpVWFQy5,Mon, 16 Nov 2020 20:25:40 GMT,click,dice,get suggested comments
tpVWFQy5,Mon, 16 Nov 2020 20:25:42 GMT,click,product_4,select product from dropdown
tpVWFQy5,Mon, 16 Nov 2020 20:25:42 GMT,click,dice,get suggested comments
tpVWFQy5,Mon, 16 Nov 2020 20:25:44 GMT,click,product_5,select product from dropdown
tpVWFQy5,Mon, 16 Nov 2020 20:25:44 GMT,click,dice,get suggested comments
tpVWFQy5,Mon, 16 Nov 2020 20:25:46 GMT,click,product_6,select product from dropdown
tpVWFQy5,Mon, 16 Nov 2020 20:25:46 GMT,click,dice,get suggested comments
tpVWFQy5,Mon, 16 Nov 2020 20:25:47 GMT,click,product_7,select product from dropdown
tpVWFQy5,Mon, 16 Nov 2020 20:25:47 GMT,click,dice,get suggested comments
tpVWFQy5,Mon, 16 Nov 2020 20:25:50 GMT,click,product_8,select product from dropdown
tpVWFQy5,Mon, 16 Nov 2020 20:25:50 GMT,click,dice,get suggested comments
tpVWFQy5,Mon, 16 Nov 2020 20:25:52 GMT,click,product_9,select product from dropdown
tpVWFQy5,Mon, 16 Nov 2020 20:25:52 GMT,click,dice,get suggested comments
tpVWFQy5,Mon, 16 Nov 2020 20:25:52 GMT,hover,bar_visitback,hovered on metric bar
tpVWFQy5,Mon, 16 Nov 2020 20:25:54 GMT,hover,bar_visitback,hovered on metric bar
tpVWFQy5,Mon, 16 Nov 2020 20:25:55 GMT,hover,bar_coverback,hovered on metric bar
tpVWFQy5,Mon, 16 Nov 2020 20:28:26 GMT,click,product_1,select product from dropdown
tpVWFQy5,Mon, 16 Nov 2020 20:28:26 GMT,click,dice,get suggested comments
tpVWFQy5,Mon, 16 Nov 2020 20:28:26 GMT,hover,bar_coverback,hovered on metric bar
tpVWFQy5,Mon, 16 Nov 2020 20:28:27 GMT,click,ngram_five stars,select an ngram
tpVWFQy5,Mon, 16 Nov 2020 20:28:28 GMT,click,sentiment_Negative,select a sentiment
tpVWFQy5,Mon, 16 Nov 2020 20:28:33 GMT,hover,bar_coverback,hovered on metric bar
tpVWFQy5,Mon, 16 Nov 2020 20:28:38 GMT,click,ngram_five stars,deselect an ngram
tpVWFQy5,Mon, 16 Nov 2020 20:28:40 GMT,click,sentiment_Negative,deselect a sentiment
tpVWFQy5,Mon, 16 Nov 2020 20:28:47 GMT,hover,bar_coverback,hovered on metric bar
tpVWFQy5,Mon, 16 Nov 2020 20:28:49 GMT,hover,bar_distback,hovered on metric bar
tpVWFQy5,Mon, 16 Nov 2020 20:42:40 GMT,hover,bar_visitback,hovered on metric bar
tpVWFQy5,Mon, 16 Nov 2020 20:42:52 GMT,hover,bar_distback,hovered on metric bar
tpVWFQy5,Mon, 16 Nov 2020 20:46:37 GMT,hover,bar_distback,hovered on metric bar
tpVWFQy5,Mon, 16 Nov 2020 20:46:38 GMT,hover,bar_coverback,hovered on metric bar
tpVWFQy5,Mon, 16 Nov 2020 20:52:00 GMT,click,comment_627,interact with a comment
tpVWFQy5,Mon, 16 Nov 2020 20:52:00 GMT,click,comment_956,interact with a comment
tpVWFQy5,Mon, 16 Nov 2020 20:52:01 GMT,click,comment_784,interact with a comment
tpVWFQy5,Mon, 16 Nov 2020 20:52:02 GMT,click,comment_869,interact with a comment
tpVWFQy5,Mon, 16 Nov 2020 20:52:06 GMT,hover,bar_coverback,hovered on metric bar
tpVWFQy5,Mon, 16 Nov 2020 20:52:06 GMT,hover,bar_coverback,hovered on metric bar
tpVWFQy5,Mon, 16 Nov 2020 20:52:17 GMT,hover,bar_coverback,hovered on metric bar
tpVWFQy5,Mon, 16 Nov 2020 20:52:18 GMT,hover,bar_coverback,hovered on metric bar
tpVWFQy5,Mon, 16 Nov 2020 20:52:18 GMT,hover,bar_coverback,hovered on metric bar
tpVWFQy5,Mon, 16 Nov 2020 20:52:18 GMT,hover,bar_coverback,hovered on metric bar
tpVWFQy5,Mon, 16 Nov 2020 20:52:21 GMT,hover,bar_coverback,hovered on metric bar
tpVWFQy5,Mon, 16 Nov 2020 20:52:21 GMT,hover,bar_coverback,hovered on metric bar
tpVWFQy5,Mon, 16 Nov 2020 20:52:22 GMT,hover,bar_coverback,hovered on metric bar
tpVWFQy5,Mon, 16 Nov 2020 20:52:32 GMT,hover,bar_coverback,hovered on metric bar
tpVWFQy5,Mon, 16 Nov 2020 20:52:37 GMT,hover,bar_coverback,hovered on metric bar
tpVWFQy5,Mon, 16 Nov 2020 20:52:38 GMT,hover,bar_coverback,hovered on metric bar
tpVWFQy5,Mon, 16 Nov 2020 20:52:38 GMT,hover,bar_coverback,hovered on metric bar
tpVWFQy5,Mon, 16 Nov 2020 20:52:39 GMT,hover,bar_visitback,hovered on metric bar
tpVWFQy5,Mon, 16 Nov 2020 20:52:39 GMT,hover,bar_coverback,hovered on metric bar
tpVWFQy5,Mon, 16 Nov 2020 20:52:40 GMT,hover,bar_distback,hovered on metric bar
tpVWFQy5,Mon, 16 Nov 2020 20:52:40 GMT,hover,bar_distback,hovered on metric bar
tpVWFQy5,Mon, 16 Nov 2020 20:52:40 GMT,hover,bar_distback,hovered on metric bar
tpVWFQy5,Mon, 16 Nov 2020 20:52:40 GMT,hover,bar_coverback,hovered on metric bar
tpVWFQy5,Mon, 16 Nov 2020 20:53:11 GMT,hover,bar_coverback,hovered on metric bar
tpVWFQy5,Mon, 16 Nov 2020 20:53:21 GMT,hover,comment_784,interact with a comment
tpVWFQy5,Mon, 16 Nov 2020 20:53:21 GMT,hover,bar_coverback,hovered on metric bar
tpVWFQy5,Mon, 16 Nov 2020 20:53:22 GMT,hover,bar_coverback,hovered on metric bar
tpVWFQy5,Mon, 16 Nov 2020 20:53:33 GMT,hover,bar_coverback,hovered on metric bar
tpVWFQy5,Mon, 16 Nov 2020 20:53:33 GMT,hover,bar_visitback,hovered on metric bar
tpVWFQy5,Mon, 16 Nov 2020 21:00:52 GMT,hover,bar_coverback,hovered on metric bar
tpVWFQy5,Mon, 16 Nov 2020 21:00:53 GMT,click,ngram_five stars,select an ngram
tpVWFQy5,Mon, 16 Nov 2020 21:00:58 GMT,click,ngram_five stars,deselect an ngram
tpVWFQy5,Mon, 16 Nov 2020 21:00:59 GMT,hover,bar_coverback,hovered on metric bar
tpVWFQy5,Mon, 16 Nov 2020 21:01:02 GMT,hover,bar_coverback,hovered on metric bar
tpVWFQy5,Mon, 16 Nov 2020 21:01:04 GMT,hover,bar_coverback,hovered on metric bar
tpVWFQy5,Mon, 16 Nov 2020 21:01:05 GMT,hover,bar_coverback,hovered on metric bar
tpVWFQy5,Mon, 16 Nov 2020 21:01:07 GMT,hover,bar_coverback,hovered on metric bar
tpVWFQy5,Mon, 16 Nov 2020 21:01:24 GMT,hover,bar_distback,hovered on metric bar
tpVWFQy5,Mon, 16 Nov 2020 21:01:34 GMT,hover,bar_coverback,hovered on metric bar
tpVWFQy5,Mon, 16 Nov 2020 21:01:34 GMT,hover,bar_coverback,hovered on metric bar
tpVWFQy5,Mon, 16 Nov 2020 21:01:34 GMT,hover,bar_coverback,hovered on metric bar
tpVWFQy5,Mon, 16 Nov 2020 21:01:36 GMT,hover,bar_visitback,hovered on metric bar
tpVWFQy5,Mon, 16 Nov 2020 21:01:37 GMT,hover,bar_visitback,hovered on metric bar
tpVWFQy5,Mon, 16 Nov 2020 21:01:37 GMT,hover,bar_coverback,hovered on metric bar
tpVWFQy5,Mon, 16 Nov 2020 21:01:37 GMT,hover,bar_coverback,hovered on metric bar
tpVWFQy5,Mon, 16 Nov 2020 21:01:37 GMT,hover,bar_distback,hovered on metric bar
tpVWFQy5,Mon, 16 Nov 2020 21:01:37 GMT,hover,bar_distback,hovered on metric bar
tpVWFQy5,Mon, 16 Nov 2020 21:01:42 GMT,hover,bar_coverback,hovered on metric bar
tpVWFQy5,Mon, 16 Nov 2020 21:01:55 GMT,hover,bar_coverback,hovered on metric bar
tpVWFQy5,Mon, 16 Nov 2020 21:01:55 GMT,hover,bar_coverback,hovered on metric bar
tpVWFQy5,Mon, 16 Nov 2020 21:01:59 GMT,hover,bar_visitback,hovered on metric bar
tpVWFQy5,Mon, 16 Nov 2020 21:01:59 GMT,hover,bar_coverback,hovered on metric bar
tpVWFQy5,Mon, 16 Nov 2020 21:02:03 GMT,hover,bar_coverback,hovered on metric bar
tpVWFQy5,Mon, 16 Nov 2020 21:02:07 GMT,hover,bar_distback,hovered on metric bar
tpVWFQy5,Mon, 16 Nov 2020 21:02:22 GMT,hover,bar_distback,hovered on metric bar
tpVWFQy5,Mon, 16 Nov 2020 21:02:23 GMT,hover,bar_distback,hovered on metric bar
tpVWFQy5,Mon, 16 Nov 2020 21:02:46 GMT,hover,bar_distback,hovered on metric bar
tpVWFQy5,Mon, 16 Nov 2020 21:02:48 GMT,hover,bar_coverback,hovered on metric bar
tpVWFQy5,Mon, 16 Nov 2020 21:02:59 GMT,click,ngram_great price,select an ngram
tpVWFQy5,Mon, 16 Nov 2020 21:03:00 GMT,hover,bar_coverback,hovered on metric bar
tpVWFQy5,Mon, 16 Nov 2020 21:03:01 GMT,hover,bar_distback,hovered on metric bar
tpVWFQy5,Mon, 16 Nov 2020 21:03:05 GMT,hover,bar_coverback,hovered on metric bar
tpVWFQy5,Mon, 16 Nov 2020 21:03:05 GMT,hover,bar_coverback,hovered on metric bar
tpVWFQy5,Mon, 16 Nov 2020 21:03:05 GMT,hover,bar_coverback,hovered on metric bar
tpVWFQy5,Mon, 16 Nov 2020 21:03:09 GMT,hover,bar_distback,hovered on metric bar
tpVWFQy5,Mon, 16 Nov 2020 21:03:09 GMT,hover,bar_distback,hovered on metric bar
tpVWFQy5,Mon, 16 Nov 2020 21:03:30 GMT,hover,bar_coverback,hovered on metric bar
tpVWFQy5,Mon, 16 Nov 2020 21:03:31 GMT,click,ngram_great price,deselect an ngram
tpVWFQy5,Mon, 16 Nov 2020 21:03:32 GMT,hover,bar_coverback,hovered on metric bar
tpVWFQy5,Mon, 16 Nov 2020 21:05:18 GMT,hover,bar_coverback,hovered on metric bar
tpVWFQy5,Mon, 16 Nov 2020 21:12:07 GMT,hover,bar_coverback,hovered on metric bar
tpVWFQy5,Fri, 20 Nov 2020 04:00:18 GMT,click,product_0,select product from dropdown
tpVWFQy5,Fri, 20 Nov 2020 04:00:18 GMT,click,dice,get suggested comments
tpVWFQy5,Fri, 20 Nov 2020 04:00:18 GMT,hover,bar_coverback,hovered on metric bar
tpVWFQy5,Fri, 20 Nov 2020 04:00:19 GMT,hover,bar_coverback,hovered on metric bar
tpVWFQy5,Fri, 20 Nov 2020 04:00:22 GMT,hover,comment_394,interact with a comment
tpVWFQy5,Fri, 20 Nov 2020 04:00:25 GMT,hover,bar_coverback,hovered on metric bar
tpVWFQy5,Fri, 20 Nov 2020 04:00:26 GMT,click,bar_coverback,clicked on metric bar
tpVWFQy5,Fri, 20 Nov 2020 04:00:27 GMT,click,bar_coverback,clicked on metric bar
tpVWFQy5,Fri, 20 Nov 2020 04:00:27 GMT,hover,bar_visitback,hovered on metric bar
tpVWFQy5,Fri, 20 Nov 2020 04:00:28 GMT,click,bar_visitback,clicked on metric bar
tpVWFQy5,Fri, 20 Nov 2020 04:00:28 GMT,click,bar_visitback,clicked on metric bar
tpVWFQy5,Fri, 20 Nov 2020 04:00:29 GMT,hover,bar_distback,hovered on metric bar
tpVWFQy5,Fri, 20 Nov 2020 04:00:29 GMT,click,bar_distback,clicked on metric bar
tpVWFQy5,Fri, 20 Nov 2020 04:00:31 GMT,click,bar_distback,clicked on metric bar
tpVWFQy5,Fri, 20 Nov 2020 04:00:32 GMT,hover,bar_visitback,hovered on metric bar
tpVWFQy5,Fri, 20 Nov 2020 23:47:45 GMT,click,product_1,select product from dropdown
tpVWFQy5,Fri, 20 Nov 2020 23:47:45 GMT,click,dice,get suggested comments
tpVWFQy5,Fri, 20 Nov 2020 23:47:46 GMT,hover,bar_distback,hovered on metric bar
tpVWFQy5,Fri, 20 Nov 2020 23:47:46 GMT,hover,bar_coverback,hovered on metric bar
tpVWFQy5,Fri, 20 Nov 2020 23:47:47 GMT,hover,bar_coverback,hovered on metric bar
tpVWFQy5,Fri, 20 Nov 2020 23:47:47 GMT,hover,bar_coverback,hovered on metric bar
tpVWFQy5,Fri, 20 Nov 2020 23:47:47 GMT,click,comment_956,interact with a comment
tpVWFQy5,Fri, 20 Nov 2020 23:47:48 GMT,click,comment_627,interact with a comment
tpVWFQy5,Fri, 20 Nov 2020 23:47:48 GMT,click,comment_784,interact with a comment
tpVWFQy5,Fri, 20 Nov 2020 23:47:50 GMT,click,comment_643,interact with a comment
tpVWFQy5,Fri, 20 Nov 2020 23:47:50 GMT,click,comment_869,interact with a comment
tpVWFQy5,Fri, 20 Nov 2020 23:47:50 GMT,click,comment_864,interact with a comment
tpVWFQy5,Fri, 20 Nov 2020 23:47:51 GMT,click,comment_600,interact with a comment
tpVWFQy5,Fri, 20 Nov 2020 23:47:52 GMT,click,comment_988,interact with a comment
tpVWFQy5,Fri, 20 Nov 2020 23:47:52 GMT,click,comment_789,interact with a comment
tpVWFQy5,Fri, 20 Nov 2020 23:47:52 GMT,click,comment_1122,interact with a comment
tpVWFQy5,Fri, 20 Nov 2020 23:47:56 GMT,hover,bar_coverback,hovered on metric bar
tpVWFQy5,Fri, 20 Nov 2020 23:47:56 GMT,hover,bar_coverback,hovered on metric bar
tpVWFQy5,Fri, 20 Nov 2020 23:47:57 GMT,click,bar_coverback,clicked on metric bar
tpVWFQy5,Fri, 20 Nov 2020 23:48:13 GMT,hover,bar_coverback,hovered on metric bar
tpVWFQy5,Fri, 20 Nov 2020 23:48:13 GMT,click,bar_coverback,clicked on metric bar
tpVWFQy5,Fri, 20 Nov 2020 23:48:26 GMT,hover,bar_coverback,hovered on metric bar
tpVWFQy5,Fri, 20 Nov 2020 23:48:27 GMT,click,ngram_five stars,select an ngram
tpVWFQy5,Fri, 20 Nov 2020 23:48:28 GMT,click,ngram_five stars,deselect an ngram
tpVWFQy5,Fri, 20 Nov 2020 23:48:28 GMT,hover,bar_coverback,hovered on metric bar
tpVWFQy5,Fri, 20 Nov 2020 23:48:28 GMT,hover,bar_coverback,hovered on metric bar
tpVWFQy5,Fri, 20 Nov 2020 23:52:39 GMT,hover,bar_coverback,hovered on metric bar
tpVWFQy5,Fri, 20 Nov 2020 23:55:16 GMT,click,product_0,select product from dropdown
tpVWFQy5,Fri, 20 Nov 2020 23:55:16 GMT,click,dice,get suggested comments
tpVWFQy5,Fri, 20 Nov 2020 23:55:49 GMT,click,product_0,select product from dropdown
tpVWFQy5,Fri, 20 Nov 2020 23:55:49 GMT,click,dice,get suggested comments
tpVWFQy5,Fri, 20 Nov 2020 23:55:51 GMT,click,comment_502,interact with a comment
tpVWFQy5,Fri, 20 Nov 2020 23:55:57 GMT,click,product_2,select product from dropdown
tpVWFQy5,Fri, 20 Nov 2020 23:55:57 GMT,click,dice,get suggested comments
tpVWFQy5,Fri, 20 Nov 2020 23:55:57 GMT,hover,bar_coverback,hovered on metric bar
tpVWFQy5,Fri, 20 Nov 2020 23:55:57 GMT,hover,bar_visitback,hovered on metric bar
tpVWFQy5,Fri, 20 Nov 2020 23:56:08 GMT,click,product_0,select product from dropdown
tpVWFQy5,Fri, 20 Nov 2020 23:56:08 GMT,click,dice,get suggested comments
tpVWFQy5,Fri, 20 Nov 2020 23:56:14 GMT,hover,bar_visitback,hovered on metric bar
tpVWFQy5,Fri, 20 Nov 2020 23:59:34 GMT,hover,bar_visitback,hovered on metric bar
tpVWFQy5,Fri, 20 Nov 2020 23:59:41 GMT,hover,bar_coverback,hovered on metric bar
tpVWFQy5,Sat, 21 Nov 2020 00:07:48 GMT,study,totaltime,5063s
tpVWFQy5,Mon, 30 Nov 2020 01:23:04 GMT,click,dice,get suggested comments
tpVWFQy5,Mon, 30 Nov 2020 01:23:04 GMT,click,product_0,select product from dropdown
tpVWFQy5,Mon, 30 Nov 2020 01:23:09 GMT,click,search_undefined,search a keyword
tpVWFQy5,Mon, 30 Nov 2020 01:23:12 GMT,click,product_1,select product from dropdown
tpVWFQy5,Mon, 30 Nov 2020 01:23:12 GMT,click,dice,get suggested comments
tpVWFQy5,Mon, 30 Nov 2020 01:23:15 GMT,hover,comment_813,interact with a comment
tpVWFQy5,Mon, 30 Nov 2020 01:23:15 GMT,hover,bar_visitback,hovered on metric bar
tpVWFQy5,Mon, 30 Nov 2020 01:23:19 GMT,hover,comment_956,interact with a comment
tpVWFQy5,Mon, 30 Nov 2020 01:23:20 GMT,hover,bar_visitback,hovered on metric bar
tpVWFQy5,Mon, 30 Nov 2020 01:23:24 GMT,click,search_undefined,search a keyword
tpVWFQy5,Mon, 30 Nov 2020 01:23:33 GMT,click,search_undefined,search a keyword
tpVWFQy5,Mon, 30 Nov 2020 01:23:35 GMT,click,product_1,select product from dropdown
tpVWFQy5,Mon, 30 Nov 2020 01:23:35 GMT,click,dice,get suggested comments
tpVWFQy5,Mon, 30 Nov 2020 01:23:37 GMT,hover,bar_visitback,hovered on metric bar
tpVWFQy5,Mon, 30 Nov 2020 01:23:38 GMT,hover,bar_visitback,hovered on metric bar
tpVWFQy5,Mon, 30 Nov 2020 01:23:43 GMT,click,search_undefined,search a keyword
tpVWFQy5,Mon, 30 Nov 2020 17:07:35 GMT,click,product_0,select product from dropdown
tpVWFQy5,Mon, 30 Nov 2020 17:07:36 GMT,click,dice,get suggested comments
tpVWFQy5,Mon, 30 Nov 2020 17:07:36 GMT,hover,bar_coverback,hovered on metric bar
tpVWFQy5,Mon, 30 Nov 2020 17:07:37 GMT,click,comment_502,interact with a comment
tpVWFQy5,Mon, 30 Nov 2020 17:07:41 GMT,click,comment_470,interact with a comment
tpVWFQy5,Mon, 30 Nov 2020 17:07:44 GMT,hover,bar_coverback,hovered on metric bar
tpVWFQy5,Mon, 30 Nov 2020 17:07:44 GMT,click,bar_coverback,clicked on metric bar
tpVWFQy5,Mon, 30 Nov 2020 17:07:45 GMT,click,bar_coverback,clicked on metric bar
tpVWFQy5,Mon, 30 Nov 2020 17:07:46 GMT,hover,bar_visitback,hovered on metric bar
tpVWFQy5,Mon, 30 Nov 2020 17:07:46 GMT,click,bar_visitback,clicked on metric bar
tpVWFQy5,Mon, 30 Nov 2020 17:07:47 GMT,click,bar_visitback,clicked on metric bar
tpVWFQy5,Mon, 30 Nov 2020 17:07:48 GMT,click,bar_visitback,clicked on metric bar
tpVWFQy5,Mon, 30 Nov 2020 17:07:48 GMT,click,bar_visitback,clicked on metric bar
tpVWFQy5,Mon, 30 Nov 2020 17:07:48 GMT,hover,bar_coverback,hovered on metric bar
tpVWFQy5,Mon, 30 Nov 2020 17:07:48 GMT,hover,bar_coverback,hovered on metric bar
tpVWFQy5,Mon, 30 Nov 2020 17:07:49 GMT,click,bar_coverback,clicked on metric bar
tpVWFQy5,Mon, 30 Nov 2020 17:07:49 GMT,click,bar_coverback,clicked on metric bar
tpVWFQy5,Mon, 30 Nov 2020 17:07:50 GMT,hover,bar_distback,hovered on metric bar
tpVWFQy5,Mon, 30 Nov 2020 17:07:50 GMT,click,bar_distback,clicked on metric bar
tpVWFQy5,Mon, 30 Nov 2020 17:07:51 GMT,click,bar_distback,clicked on metric bar
tpVWFQy5,Mon, 30 Nov 2020 17:08:23 GMT,hover,bar_coverback,hovered on metric bar
tpVWFQy5,Mon, 30 Nov 2020 20:34:43 GMT,click,product_0,select product from dropdown
tpVWFQy5,Mon, 30 Nov 2020 20:34:43 GMT,click,dice,get suggested comments
tpVWFQy5,Mon, 30 Nov 2020 20:36:51 GMT,hover,bar_coverback,hovered on metric bar
tpVWFQy5,Mon, 30 Nov 2020 20:36:53 GMT,hover,bar_visitback,hovered on metric bar
tpVWFQy5,Mon, 30 Nov 2020 20:38:06 GMT,click,product_1,select product from dropdown
tpVWFQy5,Mon, 30 Nov 2020 20:38:06 GMT,click,dice,get suggested comments
tpVWFQy5,Mon, 30 Nov 2020 20:38:12 GMT,click,search_undefined,search a keyword
tpVWFQy5,Mon, 30 Nov 2020 20:38:16 GMT,click,search_undefined,search a keyword
tpVWFQy5,Mon, 30 Nov 2020 20:38:31 GMT,hover,bar_coverback,hovered on metric bar
tpVWFQy5,Mon, 30 Nov 2020 20:38:39 GMT,hover,comment_770,interact with a comment
tpVWFQy5,Mon, 30 Nov 2020 20:39:06 GMT,hover,comment_770,interact with a comment
tpVWFQy5,Mon, 30 Nov 2020 20:42:36 GMT,hover,bar_coverback,hovered on metric bar
tpVWFQy5,Mon, 30 Nov 2020 20:42:57 GMT,hover,bar_visitback,hovered on metric bar
tpVWFQy5,Mon, 30 Nov 2020 20:42:58 GMT,hover,bar_visitback,hovered on metric bar
tpVWFQy5,Mon, 30 Nov 2020 20:42:59 GMT,click,comment_1126,interact with a comment
tpVWFQy5,Mon, 30 Nov 2020 20:43:01 GMT,hover,comment_mment_829,interact with a suggested comment
tpVWFQy5,Mon, 30 Nov 2020 20:45:02 GMT,hover,bar_coverback,hovered on metric bar
tpVWFQy5,Mon, 30 Nov 2020 20:45:06 GMT,hover,comment_mment_912,interact with a suggested comment
tpVWFQy5,Mon, 30 Nov 2020 20:45:07 GMT,hover,bar_visitback,hovered on metric bar
tpVWFQy5,Mon, 30 Nov 2020 20:45:07 GMT,hover,bar_visitback,hovered on metric bar
tpVWFQy5,Mon, 30 Nov 2020 20:47:03 GMT,hover,bar_visitback,hovered on metric bar
tpVWFQy5,Mon, 30 Nov 2020 20:48:16 GMT,hover,bar_visitback,hovered on metric bar
tpVWFQy5,Mon, 30 Nov 2020 20:48:18 GMT,hover,bar_visitback,hovered on metric bar
tpVWFQy5,Mon, 30 Nov 2020 20:49:18 GMT,hover,bar_visitback,hovered on metric bar
tpVWFQy5,Mon, 30 Nov 2020 20:49:19 GMT,click,ngram_good sound,select an ngram
tpVWFQy5,Mon, 30 Nov 2020 20:49:20 GMT,click,sentiment_Neutral,select a sentiment
tpVWFQy5,Mon, 30 Nov 2020 20:49:24 GMT,hover,bar_coverback,hovered on metric bar
tpVWFQy5,Mon, 30 Nov 2020 20:49:25 GMT,hover,bar_coverback,hovered on metric bar
tpVWFQy5,Mon, 30 Nov 2020 20:49:27 GMT,click,ngram_sound quality,select an ngram
tpVWFQy5,Mon, 30 Nov 2020 20:49:28 GMT,click,ngram_great price,select an ngram
tpVWFQy5,Mon, 30 Nov 2020 20:49:29 GMT,click,ngram_highly recommend,select an ngram
tpVWFQy5,Mon, 30 Nov 2020 20:49:30 GMT,hover,bar_coverback,hovered on metric bar
tpVWFQy5,Mon, 30 Nov 2020 20:49:44 GMT,hover,bar_visitback,hovered on metric bar
tpVWFQy5,Mon, 30 Nov 2020 20:49:50 GMT,click,ngram_sound great,select an ngram
tpVWFQy5,Mon, 30 Nov 2020 20:49:51 GMT,click,ngram_good sound,select an ngram
tpVWFQy5,Mon, 30 Nov 2020 20:49:51 GMT,click,ngram_years ago,select an ngram
tpVWFQy5,Mon, 30 Nov 2020 20:49:52 GMT,click,ngram_sound quality,select an ngram
tpVWFQy5,Mon, 30 Nov 2020 20:49:56 GMT,hover,bar_visitback,hovered on metric bar
tpVWFQy5,Mon, 30 Nov 2020 20:49:56 GMT,hover,bar_coverback,hovered on metric bar
tpVWFQy5,Mon, 30 Nov 2020 20:50:33 GMT,hover,bar_visitback,hovered on metric bar
tpVWFQy5,Mon, 30 Nov 2020 20:50:36 GMT,click,product_0,select product from dropdown
tpVWFQy5,Mon, 30 Nov 2020 20:50:36 GMT,click,dice,get suggested comments
tpVWFQy5,Mon, 30 Nov 2020 20:50:38 GMT,click,product_2,select product from dropdown
tpVWFQy5,Mon, 30 Nov 2020 20:50:38 GMT,click,dice,get suggested comments
tpVWFQy5,Mon, 30 Nov 2020 20:51:23 GMT,click,product_0,select product from dropdown
tpVWFQy5,Mon, 30 Nov 2020 20:51:23 GMT,click,dice,get suggested comments
tpVWFQy5,Mon, 30 Nov 2020 20:52:12 GMT,hover,bar_visitback,hovered on metric bar
tpVWFQy5,Mon, 30 Nov 2020 20:52:12 GMT,hover,bar_coverback,hovered on metric bar
tpVWFQy5,Mon, 30 Nov 2020 20:53:41 GMT,hover,bar_coverback,hovered on metric bar
tpVWFQy5,Mon, 30 Nov 2020 20:53:41 GMT,hover,bar_visitback,hovered on metric bar
tpVWFQy5,Mon, 30 Nov 2020 20:54:17 GMT,click,product_1,select product from dropdown
tpVWFQy5,Mon, 30 Nov 2020 20:54:17 GMT,click,dice,get suggested comments
tpVWFQy5,Mon, 30 Nov 2020 20:54:52 GMT,hover,bar_visitback,hovered on metric bar
tpVWFQy5,Mon, 30 Nov 2020 20:56:20 GMT,hover,bar_coverback,hovered on metric bar
tpVWFQy5,Mon, 30 Nov 2020 20:56:20 GMT,hover,bar_coverback,hovered on metric bar
tpVWFQy5,Mon, 30 Nov 2020 20:56:20 GMT,hover,bar_visitback,hovered on metric bar
tpVWFQy5,Mon, 30 Nov 2020 20:57:22 GMT,hover,bar_coverback,hovered on metric bar
tpVWFQy5,Mon, 30 Nov 2020 20:57:25 GMT,hover,bar_coverback,hovered on metric bar
tpVWFQy5,Mon, 30 Nov 2020 20:57:26 GMT,click,bar_coverback,clicked on metric bar
tpVWFQy5,Mon, 30 Nov 2020 20:57:28 GMT,hover,bar_coverback,hovered on metric bar
tpVWFQy5,Mon, 30 Nov 2020 20:57:28 GMT,click,bar_coverback,clicked on metric bar
tpVWFQy5,Mon, 30 Nov 2020 20:57:30 GMT,click,comment_956,interact with a comment
tpVWFQy5,Mon, 30 Nov 2020 20:57:30 GMT,hover,bar_coverback,hovered on metric bar
tpVWFQy5,Mon, 30 Nov 2020 20:57:32 GMT,click,bar_coverback,clicked on metric bar
tpVWFQy5,Mon, 30 Nov 2020 20:58:02 GMT,hover,bar_visitback,hovered on metric bar
tpVWFQy5,Mon, 30 Nov 2020 20:58:05 GMT,click,product_1,select product from dropdown
tpVWFQy5,Mon, 30 Nov 2020 20:58:05 GMT,click,dice,get suggested comments
tpVWFQy5,Mon, 30 Nov 2020 20:58:05 GMT,hover,bar_visitback,hovered on metric bar
tpVWFQy5,Mon, 30 Nov 2020 20:58:19 GMT,click,comment_956,interact with a comment
tpVWFQy5,Mon, 30 Nov 2020 20:58:20 GMT,click,comment_627,interact with a comment
tpVWFQy5,Mon, 30 Nov 2020 20:58:21 GMT,click,comment_784,interact with a comment
tpVWFQy5,Mon, 30 Nov 2020 20:58:22 GMT,click,comment_1126,interact with a comment
tpVWFQy5,Mon, 30 Nov 2020 20:58:26 GMT,hover,bar_coverback,hovered on metric bar
tpVWFQy5,Mon, 30 Nov 2020 20:58:26 GMT,hover,bar_coverback,hovered on metric bar
tpVWFQy5,Mon, 30 Nov 2020 20:58:33 GMT,hover,bar_coverback,hovered on metric bar
tpVWFQy5,Mon, 30 Nov 2020 20:58:34 GMT,hover,bar_coverback,hovered on metric bar
tpVWFQy5,Mon, 30 Nov 2020 20:58:34 GMT,hover,bar_coverback,hovered on metric bar
tpVWFQy5,Mon, 30 Nov 2020 20:58:36 GMT,hover,bar_coverback,hovered on metric bar
tpVWFQy5,Mon, 30 Nov 2020 20:58:36 GMT,hover,bar_visitback,hovered on metric bar
tpVWFQy5,Mon, 30 Nov 2020 20:58:36 GMT,hover,bar_coverback,hovered on metric bar
tpVWFQy5,Mon, 30 Nov 2020 20:58:36 GMT,hover,bar_coverback,hovered on metric bar
tpVWFQy5,Mon, 30 Nov 2020 20:58:37 GMT,hover,bar_coverback,hovered on metric bar
tpVWFQy5,Mon, 30 Nov 2020 20:58:37 GMT,hover,bar_distback,hovered on metric bar
tpVWFQy5,Mon, 30 Nov 2020 20:58:37 GMT,hover,bar_distback,hovered on metric bar
tpVWFQy5,Mon, 30 Nov 2020 20:58:38 GMT,hover,bar_distback,hovered on metric bar
tpVWFQy5,Mon, 30 Nov 2020 20:58:38 GMT,hover,bar_coverback,hovered on metric bar
tpVWFQy5,Mon, 30 Nov 2020 20:58:48 GMT,hover,bar_coverback,hovered on metric bar
tpVWFQy5,Mon, 30 Nov 2020 20:58:49 GMT,hover,bar_coverback,hovered on metric bar
tpVWFQy5,Mon, 30 Nov 2020 20:59:33 GMT,hover,bar_coverback,hovered on metric bar
tpVWFQy5,Mon, 30 Nov 2020 20:59:33 GMT,hover,bar_coverback,hovered on metric bar
tpVWFQy5,Mon, 30 Nov 2020 20:59:40 GMT,hover,bar_coverback,hovered on metric bar
tpVWFQy5,Mon, 30 Nov 2020 20:59:48 GMT,hover,bar_visitback,hovered on metric bar
tpVWFQy5,Mon, 30 Nov 2020 20:59:49 GMT,hover,bar_coverback,hovered on metric bar
tpVWFQy5,Mon, 30 Nov 2020 20:59:50 GMT,hover,bar_coverback,hovered on metric bar
tpVWFQy5,Mon, 30 Nov 2020 20:59:50 GMT,hover,bar_coverback,hovered on metric bar
tpVWFQy5,Mon, 30 Nov 2020 20:59:50 GMT,hover,bar_coverback,hovered on metric bar
tpVWFQy5,Mon, 30 Nov 2020 20:59:51 GMT,hover,bar_coverback,hovered on metric bar
tpVWFQy5,Mon, 30 Nov 2020 20:59:51 GMT,hover,bar_visitback,hovered on metric bar
tpVWFQy5,Mon, 30 Nov 2020 20:59:52 GMT,hover,bar_coverback,hovered on metric bar
tpVWFQy5,Mon, 30 Nov 2020 20:59:52 GMT,hover,bar_coverback,hovered on metric bar
tpVWFQy5,Mon, 30 Nov 2020 21:00:04 GMT,hover,bar_visitback,hovered on metric bar
tpVWFQy5,Mon, 30 Nov 2020 21:00:05 GMT,hover,bar_coverback,hovered on metric bar
tpVWFQy5,Mon, 30 Nov 2020 21:00:05 GMT,hover,bar_coverback,hovered on metric bar
tpVWFQy5,Mon, 30 Nov 2020 21:00:05 GMT,hover,bar_coverback,hovered on metric bar
tpVWFQy5,Mon, 30 Nov 2020 21:00:09 GMT,hover,bar_distback,hovered on metric bar
tpVWFQy5,Mon, 30 Nov 2020 21:00:16 GMT,hover,bar_distback,hovered on metric bar
tpVWFQy5,Mon, 30 Nov 2020 21:00:16 GMT,hover,bar_visitback,hovered on metric bar
tpVWFQy5,Mon, 30 Nov 2020 21:00:20 GMT,hover,bar_visitback,hovered on metric bar
tpVWFQy5,Mon, 30 Nov 2020 21:01:14 GMT,hover,bar_visitback,hovered on metric bar
tpVWFQy5,Mon, 30 Nov 2020 21:01:17 GMT,hover,bar_visitback,hovered on metric bar
tpVWFQy5,Mon, 30 Nov 2020 21:01:17 GMT,hover,bar_coverback,hovered on metric bar
tpVWFQy5,Mon, 30 Nov 2020 21:01:17 GMT,hover,bar_coverback,hovered on metric bar
tpVWFQy5,Mon, 30 Nov 2020 21:01:17 GMT,hover,bar_coverback,hovered on metric bar
tpVWFQy5,Mon, 30 Nov 2020 21:01:18 GMT,hover,bar_distback,hovered on metric bar
tpVWFQy5,Mon, 30 Nov 2020 21:01:18 GMT,hover,bar_distback,hovered on metric bar
tpVWFQy5,Mon, 30 Nov 2020 21:01:19 GMT,hover,bar_distback,hovered on metric bar
tpVWFQy5,Mon, 30 Nov 2020 21:01:19 GMT,hover,bar_distback,hovered on metric bar
tpVWFQy5,Mon, 30 Nov 2020 21:02:08 GMT,hover,bar_distback,hovered on metric bar
tpVWFQy5,Mon, 30 Nov 2020 21:02:43 GMT,hover,bar_distback,hovered on metric bar
tpVWFQy5,Mon, 30 Nov 2020 21:02:43 GMT,hover,bar_distback,hovered on metric bar
tpVWFQy5,Mon, 30 Nov 2020 21:02:43 GMT,hover,bar_visitback,hovered on metric bar
tpVWFQy5,Mon, 30 Nov 2020 21:02:47 GMT,hover,bar_coverback,hovered on metric bar
tpVWFQy5,Mon, 30 Nov 2020 21:02:53 GMT,hover,bar_coverback,hovered on metric bar
tpVWFQy5,Mon, 30 Nov 2020 21:02:53 GMT,hover,bar_visitback,hovered on metric bar
tpVWFQy5,Mon, 30 Nov 2020 21:05:09 GMT,hover,bar_visitback,hovered on metric bar
tpVWFQy5,Mon, 30 Nov 2020 21:05:14 GMT,click,ngram_sound great,select an ngram
tpVWFQy5,Mon, 30 Nov 2020 21:05:24 GMT,hover,bar_distback,hovered on metric bar
tpVWFQy5,Mon, 30 Nov 2020 21:05:25 GMT,click,bar_distback,clicked on metric bar
tpVWFQy5,Mon, 30 Nov 2020 21:05:29 GMT,hover,bar_distback,hovered on metric bar
tpVWFQy5,Mon, 30 Nov 2020 21:05:29 GMT,hover,bar_distback,hovered on metric bar
tpVWFQy5,Mon, 30 Nov 2020 21:05:36 GMT,hover,bar_coverback,hovered on metric bar
tpVWFQy5,Mon, 30 Nov 2020 21:05:36 GMT,hover,bar_visitback,hovered on metric bar
tpVWFQy5,Mon, 30 Nov 2020 21:05:37 GMT,click,ngram_sound great,deselect an ngram
tpVWFQy5,Mon, 30 Nov 2020 21:05:37 GMT,hover,bar_visitback,hovered on metric bar
tpVWFQy5,Mon, 30 Nov 2020 21:05:40 GMT,hover,comment_813,interact with a comment
tpVWFQy5,Mon, 30 Nov 2020 21:05:40 GMT,hover,bar_distback,hovered on metric bar
tpVWFQy5,Mon, 30 Nov 2020 21:05:45 GMT,hover,bar_coverback,hovered on metric bar
tpVWFQy5,Mon, 30 Nov 2020 21:05:47 GMT,click,ngram_sound great,select an ngram
tpVWFQy5,Mon, 30 Nov 2020 21:05:47 GMT,hover,bar_visitback,hovered on metric bar
tpVWFQy5,Mon, 30 Nov 2020 21:06:00 GMT,hover,bar_visitback,hovered on metric bar
tpVWFQy5,Mon, 30 Nov 2020 21:06:01 GMT,hover,bar_coverback,hovered on metric bar
tpVWFQy5,Mon, 30 Nov 2020 21:06:01 GMT,click,sentiment_Positive,select a sentiment
tpVWFQy5,Mon, 30 Nov 2020 21:06:05 GMT,click,sentiment_Neutral,select a sentiment
tpVWFQy5,Mon, 30 Nov 2020 21:06:06 GMT,click,sentiment_Negative,select a sentiment
tpVWFQy5,Mon, 30 Nov 2020 21:06:07 GMT,click,sentiment_Neutral,select a sentiment
tpVWFQy5,Mon, 30 Nov 2020 21:06:08 GMT,click,sentiment_Negative,select a sentiment
tpVWFQy5,Mon, 30 Nov 2020 21:06:18 GMT,click,ngram_five stars,select an ngram
tpVWFQy5,Mon, 30 Nov 2020 21:06:19 GMT,click,sentiment_Negative,deselect a sentiment
tpVWFQy5,Mon, 30 Nov 2020 21:06:20 GMT,click,sentiment_Positive,select a sentiment
tpVWFQy5,Mon, 30 Nov 2020 21:06:24 GMT,click,sentiment_Positive,deselect a sentiment
tpVWFQy5,Mon, 30 Nov 2020 21:06:25 GMT,click,sentiment_Positive,select a sentiment
tpVWFQy5,Mon, 30 Nov 2020 21:06:50 GMT,hover,bar_coverback,hovered on metric bar
tpVWFQy5,Mon, 30 Nov 2020 21:06:51 GMT,hover,bar_coverback,hovered on metric bar
tpVWFQy5,Mon, 30 Nov 2020 21:06:51 GMT,click,ngram_sound great,select an ngram
tpVWFQy5,Mon, 30 Nov 2020 21:07:32 GMT,hover,bar_distback,hovered on metric bar
tpVWFQy5,Mon, 30 Nov 2020 21:08:40 GMT,hover,bar_distback,hovered on metric bar
tpVWFQy5,Mon, 30 Nov 2020 21:08:40 GMT,hover,bar_visitback,hovered on metric bar
tpVWFQy5,Mon, 30 Nov 2020 21:08:42 GMT,click,ngram_five stars,select an ngram
tpVWFQy5,Mon, 30 Nov 2020 21:08:43 GMT,click,sentiment_Negative,select a sentiment
tpVWFQy5,Mon, 30 Nov 2020 21:08:43 GMT,hover,bar_coverback,hovered on metric bar
tpVWFQy5,Mon, 30 Nov 2020 21:08:45 GMT,click,comment_907,interact with a comment
tpVWFQy5,Mon, 30 Nov 2020 21:08:45 GMT,hover,comment_907,interact with a comment
tpVWFQy5,Mon, 30 Nov 2020 21:08:46 GMT,click,comment_756,interact with a comment
tpVWFQy5,Mon, 30 Nov 2020 21:08:46 GMT,hover,comment_756,interact with a comment
tpVWFQy5,Mon, 30 Nov 2020 21:08:47 GMT,hover,bar_distback,hovered on metric bar
tpVWFQy5,Mon, 30 Nov 2020 21:08:48 GMT,click,bar_distback,clicked on metric bar
tpVWFQy5,Mon, 30 Nov 2020 21:08:50 GMT,hover,bar_distback,hovered on metric bar
tpVWFQy5,Mon, 30 Nov 2020 21:08:50 GMT,hover,bar_distback,hovered on metric bar
tpVWFQy5,Mon, 30 Nov 2020 21:09:16 GMT,hover,bar_coverback,hovered on metric bar
tpVWFQy5,Mon, 30 Nov 2020 21:09:18 GMT,hover,bar_coverback,hovered on metric bar
tpVWFQy5,Mon, 30 Nov 2020 21:09:19 GMT,hover,bar_coverback,hovered on metric bar
tpVWFQy5,Mon, 30 Nov 2020 21:09:19 GMT,click,sentiment_Neutral,select a sentiment
tpVWFQy5,Mon, 30 Nov 2020 21:09:20 GMT,hover,bar_coverback,hovered on metric bar
tpVWFQy5,Mon, 30 Nov 2020 21:09:20 GMT,hover,bar_coverback,hovered on metric bar
tpVWFQy5,Mon, 30 Nov 2020 21:09:20 GMT,hover,bar_coverback,hovered on metric bar
tpVWFQy5,Mon, 30 Nov 2020 21:09:20 GMT,hover,bar_coverback,hovered on metric bar
tpVWFQy5,Mon, 30 Nov 2020 21:09:21 GMT,click,sentiment_Positive,select a sentiment
tpVWFQy5,Mon, 30 Nov 2020 21:09:22 GMT,hover,bar_coverback,hovered on metric bar
tpVWFQy5,Mon, 30 Nov 2020 21:09:23 GMT,hover,comment_766,interact with a comment
tpVWFQy5,Mon, 30 Nov 2020 21:09:23 GMT,hover,bar_coverback,hovered on metric bar
tpVWFQy5,Mon, 30 Nov 2020 21:09:24 GMT,click,sentiment_Negative,select a sentiment
tpVWFQy5,Mon, 30 Nov 2020 21:09:26 GMT,hover,bar_coverback,hovered on metric bar
tpVWFQy5,Mon, 30 Nov 2020 21:09:31 GMT,hover,bar_coverback,hovered on metric bar
tpVWFQy5,Mon, 30 Nov 2020 21:09:32 GMT,click,sentiment_Neutral,select a sentiment
tpVWFQy5,Mon, 30 Nov 2020 21:09:32 GMT,hover,bar_coverback,hovered on metric bar
tpVWFQy5,Mon, 30 Nov 2020 21:09:33 GMT,click,comment_813,interact with a comment
tpVWFQy5,Mon, 30 Nov 2020 21:09:33 GMT,hover,comment_813,interact with a comment
tpVWFQy5,Mon, 30 Nov 2020 21:09:33 GMT,hover,bar_coverback,hovered on metric bar
tpVWFQy5,Mon, 30 Nov 2020 21:09:34 GMT,click,sentiment_Positive,select a sentiment
tpVWFQy5,Mon, 30 Nov 2020 21:09:35 GMT,click,comment_766,interact with a comment
tpVWFQy5,Mon, 30 Nov 2020 21:09:35 GMT,click,comment_977,interact with a comment
tpVWFQy5,Mon, 30 Nov 2020 21:09:35 GMT,click,comment_1243,interact with a comment
tpVWFQy5,Mon, 30 Nov 2020 21:09:37 GMT,click,comment_990,interact with a comment
tpVWFQy5,Mon, 30 Nov 2020 21:09:37 GMT,click,comment_682,interact with a comment
tpVWFQy5,Mon, 30 Nov 2020 21:09:37 GMT,hover,comment_682,interact with a comment
tpVWFQy5,Mon, 30 Nov 2020 21:09:38 GMT,click,comment_978,interact with a comment
tpVWFQy5,Mon, 30 Nov 2020 21:09:38 GMT,hover,comment_978,interact with a comment
tpVWFQy5,Mon, 30 Nov 2020 21:09:41 GMT,hover,bar_coverback,hovered on metric bar
tpVWFQy5,Mon, 30 Nov 2020 21:09:41 GMT,hover,bar_coverback,hovered on metric bar
tpVWFQy5,Mon, 30 Nov 2020 21:09:42 GMT,click,sentiment_Negative,select a sentiment
tpVWFQy5,Mon, 30 Nov 2020 21:09:43 GMT,hover,bar_distback,hovered on metric bar
tpVWFQy5,Mon, 30 Nov 2020 21:09:43 GMT,hover,bar_distback,hovered on metric bar
tpVWFQy5,Mon, 30 Nov 2020 21:09:45 GMT,hover,bar_distback,hovered on metric bar
tpVWFQy5,Mon, 30 Nov 2020 21:09:47 GMT,click,bar_distback,clicked on metric bar
tpVWFQy5,Mon, 30 Nov 2020 21:09:52 GMT,hover,bar_distback,hovered on metric bar
tpVWFQy5,Mon, 30 Nov 2020 21:09:56 GMT,hover,comment_1126,interact with a comment
tpVWFQy5,Mon, 30 Nov 2020 21:09:58 GMT,hover,comment_627,interact with a comment
tpVWFQy5,Mon, 30 Nov 2020 21:09:59 GMT,hover,bar_coverback,hovered on metric bar
tpVWFQy5,Mon, 30 Nov 2020 21:10:00 GMT,hover,bar_distback,hovered on metric bar
tpVWFQy5,Mon, 30 Nov 2020 21:10:02 GMT,click,bar_distback,clicked on metric bar
tpVWFQy5,Mon, 30 Nov 2020 21:10:03 GMT,click,bar_distback,clicked on metric bar
tpVWFQy5,Mon, 30 Nov 2020 21:10:05 GMT,click,bar_distback,clicked on metric bar
tpVWFQy5,Mon, 30 Nov 2020 21:10:05 GMT,click,bar_distback,clicked on metric bar
tpVWFQy5,Mon, 30 Nov 2020 21:10:27 GMT,hover,bar_distback,hovered on metric bar
tpVWFQy5,Mon, 30 Nov 2020 21:10:28 GMT,hover,bar_coverback,hovered on metric bar
tpVWFQy5,Mon, 30 Nov 2020 21:10:28 GMT,hover,bar_distback,hovered on metric bar
tpVWFQy5,Mon, 30 Nov 2020 21:10:30 GMT,click,sentiment_Negative,deselect a sentiment
tpVWFQy5,Mon, 30 Nov 2020 21:10:31 GMT,hover,bar_distback,hovered on metric bar
tpVWFQy5,Mon, 30 Nov 2020 21:10:34 GMT,hover,bar_distback,hovered on metric bar
tpVWFQy5,Mon, 30 Nov 2020 21:10:34 GMT,hover,bar_distback,hovered on metric bar
tpVWFQy5,Mon, 30 Nov 2020 21:10:36 GMT,click,bar_distback,clicked on metric bar
tpVWFQy5,Mon, 30 Nov 2020 21:10:37 GMT,click,bar_distback,clicked on metric bar
tpVWFQy5,Mon, 30 Nov 2020 21:10:45 GMT,hover,bar_distback,hovered on metric bar
tpVWFQy5,Mon, 30 Nov 2020 21:10:45 GMT,hover,bar_distback,hovered on metric bar
tpVWFQy5,Mon, 30 Nov 2020 21:10:52 GMT,click,ngram_five stars,deselect an ngram
tpVWFQy5,Mon, 30 Nov 2020 21:10:54 GMT,hover,bar_distback,hovered on metric bar
tpVWFQy5,Mon, 30 Nov 2020 21:10:55 GMT,click,bar_distback,clicked on metric bar
tpVWFQy5,Mon, 30 Nov 2020 21:10:56 GMT,click,bar_distback,clicked on metric bar
tpVWFQy5,Mon, 30 Nov 2020 21:10:59 GMT,hover,bar_distback,hovered on metric bar
tpVWFQy5,Mon, 30 Nov 2020 21:11:38 GMT,hover,bar_coverback,hovered on metric bar
tpVWFQy5,Mon, 30 Nov 2020 21:11:38 GMT,hover,bar_coverback,hovered on metric bar
tpVWFQy5,Mon, 30 Nov 2020 21:11:44 GMT,hover,bar_coverback,hovered on metric bar
tpVWFQy5,Mon, 30 Nov 2020 21:11:48 GMT,hover,bar_distback,hovered on metric bar
tpVWFQy5,Mon, 30 Nov 2020 21:11:49 GMT,hover,bar_distback,hovered on metric bar
tpVWFQy5,Mon, 30 Nov 2020 21:11:49 GMT,click,bar_distback,clicked on metric bar
tpVWFQy5,Mon, 30 Nov 2020 21:11:57 GMT,hover,bar_coverback,hovered on metric bar
tpVWFQy5,Mon, 30 Nov 2020 21:11:57 GMT,hover,bar_visitback,hovered on metric bar
tpVWFQy5,Mon, 30 Nov 2020 21:12:25 GMT,hover,bar_coverback,hovered on metric bar
tpVWFQy5,Mon, 30 Nov 2020 21:12:26 GMT,hover,bar_coverback,hovered on metric bar
tpVWFQy5,Mon, 30 Nov 2020 21:12:32 GMT,hover,bar_distback,hovered on metric bar
tpVWFQy5,Mon, 30 Nov 2020 21:12:32 GMT,click,bar_distback,clicked on metric bar
tpVWFQy5,Mon, 30 Nov 2020 21:12:41 GMT,hover,bar_distback,hovered on metric bar
tpVWFQy5,Mon, 30 Nov 2020 21:12:41 GMT,click,bar_distback,clicked on metric bar
tpVWFQy5,Mon, 30 Nov 2020 21:12:43 GMT,click,comment_600,interact with a comment
tpVWFQy5,Mon, 30 Nov 2020 21:12:43 GMT,click,comment_1122,interact with a comment
tpVWFQy5,Mon, 30 Nov 2020 21:12:44 GMT,click,comment_988,interact with a comment
tpVWFQy5,Mon, 30 Nov 2020 21:12:45 GMT,click,comment_971,interact with a comment
tpVWFQy5,Mon, 30 Nov 2020 21:12:45 GMT,hover,bar_distback,hovered on metric bar
tpVWFQy5,Mon, 30 Nov 2020 21:12:46 GMT,click,bar_distback,clicked on metric bar
tpVWFQy5,Mon, 30 Nov 2020 21:12:48 GMT,hover,bar_distback,hovered on metric bar
tpVWFQy5,Mon, 30 Nov 2020 21:12:51 GMT,click,bar_distback,clicked on metric bar
tpVWFQy5,Mon, 30 Nov 2020 21:13:04 GMT,hover,bar_coverback,hovered on metric bar
tpVWFQy5,Mon, 30 Nov 2020 21:32:23 GMT,hover,bar_coverback,hovered on metric bar
tpVWFQy5,Mon, 30 Nov 2020 21:41:47 GMT,hover,bar_coverback,hovered on metric bar
tpVWFQy5,Mon, 07 Dec 2020 00:04:51 GMT,click,product_0,select product from dropdown
tpVWFQy5,Mon, 07 Dec 2020 00:04:51 GMT,click,dice,get suggested comments
tpVWFQy5,Mon, 07 Dec 2020 00:04:51 GMT,hover,bar_coverback,hovered on metric bar
tpVWFQy5,Mon, 07 Dec 2020 00:04:56 GMT,hover,bar_visitback,hovered on metric bar
tpVWFQy5,Mon, 07 Dec 2020 00:04:58 GMT,hover,bar_visitback,hovered on metric bar
tpVWFQy5,Mon, 07 Dec 2020 00:05:00 GMT,hover,bar_visitback,hovered on metric bar
tpVWFQy5,Mon, 07 Dec 2020 00:05:00 GMT,click,bar_visitback,clicked on metric bar
tpVWFQy5,Mon, 07 Dec 2020 00:05:01 GMT,hover,bar_visitback,hovered on metric bar
tpVWFQy5,Mon, 07 Dec 2020 00:05:02 GMT,hover,bar_visitback,hovered on metric bar
tpVWFQy5,Mon, 07 Dec 2020 00:05:02 GMT,hover,bar_visitback,hovered on metric bar
tpVWFQy5,Mon, 07 Dec 2020 00:05:02 GMT,hover,bar_visitback,hovered on metric bar
tpVWFQy5,Mon, 07 Dec 2020 00:05:03 GMT,click,comment_394,interact with a comment
tpVWFQy5,Mon, 07 Dec 2020 00:05:03 GMT,click,comment_502,interact with a comment
tpVWFQy5,Mon, 07 Dec 2020 00:05:05 GMT,hover,bar_visitback,hovered on metric bar
tpVWFQy5,Mon, 07 Dec 2020 00:05:06 GMT,click,ngram_great sound,select an ngram
tpVWFQy5,Mon, 07 Dec 2020 00:05:06 GMT,hover,bar_visitback,hovered on metric bar
tpVWFQy5,Mon, 07 Dec 2020 00:05:07 GMT,click,comment_470,interact with a comment
tpVWFQy5,Mon, 07 Dec 2020 00:05:08 GMT,click,comment_311,interact with a comment
tpVWFQy5,Mon, 07 Dec 2020 00:05:09 GMT,click,comment_148,interact with a comment
tpVWFQy5,Mon, 07 Dec 2020 00:05:12 GMT,hover,bar_visitback,hovered on metric bar
tpVWFQy5,Mon, 07 Dec 2020 00:05:13 GMT,click,bar_visitback,clicked on metric bar
tpVWFQy5,Mon, 07 Dec 2020 00:05:17 GMT,click,bar_visitback,clicked on metric bar
tpVWFQy5,Wed, 09 Dec 2020 20:02:40 GMT,click,product_1,select product from dropdown
tpVWFQy5,Wed, 09 Dec 2020 20:02:40 GMT,click,dice,get suggested comments
tpVWFQy5,Wed, 09 Dec 2020 20:02:40 GMT,hover,bar_coverback,hovered on metric bar
tpVWFQy5,Wed, 09 Dec 2020 20:02:54 GMT,hover,bar_distback,hovered on metric bar
tpVWFQy5,Wed, 09 Dec 2020 20:02:54 GMT,hover,bar_coverback,hovered on metric bar
tpVWFQy5,Wed, 09 Dec 2020 20:02:54 GMT,hover,bar_coverback,hovered on metric bar
tpVWFQy5,Wed, 09 Dec 2020 20:02:54 GMT,hover,bar_visitback,hovered on metric bar
tpVWFQy5,Wed, 09 Dec 2020 20:03:06 GMT,hover,bar_visitback,hovered on metric bar
tpVWFQy5,Wed, 09 Dec 2020 20:03:07 GMT,hover,bar_visitback,hovered on metric bar
tpVWFQy5,Wed, 09 Dec 2020 20:03:09 GMT,hover,bar_visitback,hovered on metric bar
tpVWFQy5,Wed, 09 Dec 2020 20:03:10 GMT,click,comment_956,interact with a comment
tpVWFQy5,Wed, 09 Dec 2020 20:03:10 GMT,click,comment_627,interact with a comment
tpVWFQy5,Wed, 09 Dec 2020 20:03:11 GMT,click,comment_784,interact with a comment
tpVWFQy5,Wed, 09 Dec 2020 20:03:15 GMT,hover,bar_visitback,hovered on metric bar
tpVWFQy5,Wed, 09 Dec 2020 20:03:15 GMT,hover,bar_visitback,hovered on metric bar
tpVWFQy5,Wed, 09 Dec 2020 20:03:17 GMT,hover,bar_visitback,hovered on metric bar
tpVWFQy5,Wed, 09 Dec 2020 20:03:28 GMT,click,product_1,select product from dropdown
tpVWFQy5,Wed, 09 Dec 2020 20:03:28 GMT,click,dice,get suggested comments
tpVWFQy5,Wed, 09 Dec 2020 20:03:29 GMT,hover,bar_visitback,hovered on metric bar
tpVWFQy5,Wed, 09 Dec 2020 20:03:29 GMT,hover,bar_visitback,hovered on metric bar
tpVWFQy5,Wed, 09 Dec 2020 20:03:29 GMT,hover,bar_visitback,hovered on metric bar
tpVWFQy5,Wed, 09 Dec 2020 20:03:31 GMT,hover,bar_visitback,hovered on metric bar
tpVWFQy5,Mon, 14 Dec 2020 21:07:59 GMT,click,product_0,select product from dropdown
tpVWFQy5,Mon, 14 Dec 2020 21:07:59 GMT,click,dice,get suggested comments
tpVWFQy5,Mon, 14 Dec 2020 21:08:00 GMT,hover,bar_visitback,hovered on metric bar
tpVWFQy5,Mon, 14 Dec 2020 21:08:00 GMT,hover,bar_coverback,hovered on metric bar
tpVWFQy5,Mon, 14 Dec 2020 21:08:00 GMT,hover,bar_distback,hovered on metric bar
tpVWFQy5,Mon, 14 Dec 2020 21:08:01 GMT,hover,bar_distback,hovered on metric bar
tpVWFQy5,Mon, 14 Dec 2020 21:08:03 GMT,hover,bar_coverback,hovered on metric bar
tpVWFQy5,Mon, 14 Dec 2020 21:08:04 GMT,click,bar_coverback,clicked on metric bar
tpVWFQy5,Mon, 14 Dec 2020 21:08:08 GMT,hover,bar_coverback,hovered on metric bar
tpVWFQy5,Mon, 14 Dec 2020 21:08:10 GMT,hover,bar_coverback,hovered on metric bar
tpVWFQy5,Mon, 14 Dec 2020 21:08:10 GMT,hover,bar_coverback,hovered on metric bar
tpVWFQy5,Mon, 14 Dec 2020 21:08:12 GMT,hover,bar_coverback,hovered on metric bar
tpVWFQy5,Mon, 14 Dec 2020 21:08:14 GMT,hover,bar_coverback,hovered on metric bar
tpVWFQy5,Mon, 14 Dec 2020 21:08:18 GMT,hover,bar_coverback,hovered on metric bar
tpVWFQy5,Mon, 14 Dec 2020 21:08:24 GMT,hover,bar_coverback,hovered on metric bar
tpVWFQy5,Mon, 14 Dec 2020 21:08:30 GMT,hover,bar_coverback,hovered on metric bar
tpVWFQy5,Mon, 14 Dec 2020 21:08:39 GMT,hover,comment_mment_312,interact with a suggested comment
tpVWFQy5,Mon, 14 Dec 2020 21:09:05 GMT,hover,bar_visitback,hovered on metric bar
tpVWFQy5,Mon, 14 Dec 2020 21:09:13 GMT,hover,bar_visitback,hovered on metric bar
tpVWFQy5,Mon, 14 Dec 2020 21:09:13 GMT,click,comment_394,interact with a comment
tpVWFQy5,Mon, 14 Dec 2020 21:09:14 GMT,click,comment_502,interact with a comment
tpVWFQy5,Mon, 14 Dec 2020 21:09:14 GMT,click,comment_170,interact with a comment
tpVWFQy5,Mon, 14 Dec 2020 21:09:14 GMT,click,comment_470,interact with a comment
tpVWFQy5,Mon, 14 Dec 2020 21:09:15 GMT,click,comment_489,interact with a comment
tpVWFQy5,Mon, 14 Dec 2020 21:09:16 GMT,click,comment_615,interact with a comment
tpVWFQy5,Mon, 14 Dec 2020 21:09:32 GMT,hover,bar_distback,hovered on metric bar
tpVWFQy5,Wed, 16 Dec 2020 00:04:05 GMT,click,product_0,select product from dropdown
tpVWFQy5,Wed, 16 Dec 2020 00:04:05 GMT,click,dice,get suggested comments
tpVWFQy5,Wed, 16 Dec 2020 00:04:06 GMT,hover,bar_coverback,hovered on metric bar
tpVWFQy5,Wed, 16 Dec 2020 00:04:08 GMT,click,comment_394,interact with a comment
tpVWFQy5,Wed, 16 Dec 2020 00:04:09 GMT,click,comment_346,interact with a comment
tpVWFQy5,Wed, 16 Dec 2020 00:04:09 GMT,click,comment_502,interact with a comment
tpVWFQy5,Wed, 16 Dec 2020 00:04:10 GMT,click,comment_170,interact with a comment
tpVWFQy5,Wed, 16 Dec 2020 00:04:10 GMT,click,comment_470,interact with a comment
tpVWFQy5,Wed, 16 Dec 2020 00:04:11 GMT,click,comment_382,interact with a comment
tpVWFQy5,Wed, 16 Dec 2020 00:04:12 GMT,click,comment_130,interact with a comment
tpVWFQy5,Wed, 16 Dec 2020 00:04:12 GMT,hover,comment_130,interact with a comment
tpVWFQy5,Wed, 16 Dec 2020 00:04:12 GMT,click,comment_489,interact with a comment
tpVWFQy5,Wed, 16 Dec 2020 00:04:13 GMT,click,comment_615,interact with a comment
tpVWFQy5,Wed, 16 Dec 2020 00:04:14 GMT,click,comment_186,interact with a comment
tpVWFQy5,Wed, 16 Dec 2020 00:04:14 GMT,click,comment_465,interact with a comment
tpVWFQy5,Wed, 16 Dec 2020 00:04:15 GMT,click,comment_512,interact with a comment
tpVWFQy5,Wed, 16 Dec 2020 00:04:16 GMT,click,comment_473,interact with a comment
tpVWFQy5,Wed, 16 Dec 2020 00:04:17 GMT,click,comment_715,interact with a comment
tpVWFQy5,Wed, 16 Dec 2020 00:04:17 GMT,click,comment_441,interact with a comment
tpVWFQy5,Wed, 16 Dec 2020 00:04:18 GMT,click,comment_311,interact with a comment
tpVWFQy5,Wed, 16 Dec 2020 00:04:18 GMT,click,comment_148,interact with a comment
tpVWFQy5,Wed, 16 Dec 2020 00:04:19 GMT,click,comment_900,interact with a comment
tpVWFQy5,Wed, 16 Dec 2020 00:04:20 GMT,click,comment_822,interact with a comment
tpVWFQy5,Wed, 16 Dec 2020 00:04:20 GMT,click,comment_102,interact with a comment
tpVWFQy5,Wed, 16 Dec 2020 00:04:20 GMT,click,comment_278,interact with a comment
tpVWFQy5,Wed, 16 Dec 2020 00:04:21 GMT,click,comment_220,interact with a comment
tpVWFQy5,Wed, 16 Dec 2020 00:04:23 GMT,click,comment_832,interact with a comment
tpVWFQy5,Wed, 16 Dec 2020 00:04:23 GMT,click,comment_253,interact with a comment
tpVWFQy5,Wed, 16 Dec 2020 00:04:23 GMT,click,comment_53,interact with a comment
tpVWFQy5,Wed, 16 Dec 2020 00:04:24 GMT,click,comment_52,interact with a comment
tpVWFQy5,Wed, 16 Dec 2020 00:04:25 GMT,click,comment_494,interact with a comment
tpVWFQy5,Wed, 16 Dec 2020 00:04:25 GMT,click,comment_282,interact with a comment
tpVWFQy5,Wed, 16 Dec 2020 00:04:26 GMT,click,comment_479,interact with a comment
tpVWFQy5,Wed, 16 Dec 2020 00:04:26 GMT,click,comment_573,interact with a comment
tpVWFQy5,Wed, 16 Dec 2020 00:04:27 GMT,click,comment_882,interact with a comment
tpVWFQy5,Wed, 16 Dec 2020 00:04:28 GMT,click,comment_507,interact with a comment
tpVWFQy5,Wed, 16 Dec 2020 00:04:29 GMT,click,comment_368,interact with a comment
tpVWFQy5,Wed, 16 Dec 2020 00:04:29 GMT,click,comment_565,interact with a comment
tpVWFQy5,Wed, 16 Dec 2020 00:04:29 GMT,click,comment_367,interact with a comment
tpVWFQy5,Wed, 16 Dec 2020 00:04:31 GMT,click,comment_644,interact with a comment
tpVWFQy5,Wed, 16 Dec 2020 00:04:32 GMT,click,comment_577,interact with a comment
tpVWFQy5,Wed, 16 Dec 2020 00:04:32 GMT,click,comment_361,interact with a comment
tpVWFQy5,Wed, 16 Dec 2020 00:04:32 GMT,click,comment_726,interact with a comment
tpVWFQy5,Wed, 16 Dec 2020 00:04:34 GMT,click,comment_202,interact with a comment
tpVWFQy5,Wed, 16 Dec 2020 00:04:34 GMT,click,comment_446,interact with a comment
tpVWFQy5,Wed, 16 Dec 2020 00:04:35 GMT,click,comment_239,interact with a comment
tpVWFQy5,Wed, 16 Dec 2020 00:04:36 GMT,click,comment_309,interact with a comment
tpVWFQy5,Wed, 16 Dec 2020 00:04:36 GMT,click,comment_37,interact with a comment
tpVWFQy5,Wed, 16 Dec 2020 00:04:36 GMT,click,comment_125,interact with a comment
tpVWFQy5,Wed, 16 Dec 2020 00:04:37 GMT,click,comment_576,interact with a comment
tpVWFQy5,Wed, 16 Dec 2020 00:04:40 GMT,click,comment_780,interact with a comment
tpVWFQy5,Wed, 16 Dec 2020 00:04:40 GMT,click,comment_503,interact with a comment
tpVWFQy5,Wed, 16 Dec 2020 00:04:41 GMT,click,comment_27,interact with a comment
tpVWFQy5,Wed, 16 Dec 2020 00:04:42 GMT,click,comment_602,interact with a comment
tpVWFQy5,Wed, 16 Dec 2020 00:04:42 GMT,click,comment_472,interact with a comment
tpVWFQy5,Wed, 16 Dec 2020 00:04:44 GMT,click,comment_312,interact with a comment
tpVWFQy5,Wed, 16 Dec 2020 00:04:44 GMT,click,comment_509,interact with a comment
tpVWFQy5,Wed, 16 Dec 2020 00:04:44 GMT,click,comment_175,interact with a comment
tpVWFQy5,Wed, 16 Dec 2020 00:04:44 GMT,hover,comment_175,interact with a comment
tpVWFQy5,Wed, 16 Dec 2020 00:04:45 GMT,click,comment_280,interact with a comment
tpVWFQy5,Wed, 16 Dec 2020 00:04:46 GMT,click,comment_331,interact with a comment
tpVWFQy5,Wed, 16 Dec 2020 00:04:47 GMT,click,comment_378,interact with a comment
tpVWFQy5,Wed, 16 Dec 2020 00:04:47 GMT,click,comment_154,interact with a comment
tpVWFQy5,Wed, 16 Dec 2020 00:04:48 GMT,hover,comment_378,interact with a comment
tpVWFQy5,Wed, 16 Dec 2020 00:04:50 GMT,click,comment_481,interact with a comment
tpVWFQy5,Wed, 16 Dec 2020 00:04:50 GMT,click,comment_544,interact with a comment
tpVWFQy5,Wed, 16 Dec 2020 00:04:50 GMT,click,comment_95,interact with a comment
tpVWFQy5,Wed, 16 Dec 2020 00:04:51 GMT,click,comment_294,interact with a comment
tpVWFQy5,Wed, 16 Dec 2020 00:08:11 GMT,hover,comment_mment_698,interact with a suggested comment
tpVWFQy5,Wed, 16 Dec 2020 00:08:14 GMT,hover,comment_544,interact with a comment
tpVWFQy5,Wed, 16 Dec 2020 00:08:17 GMT,click,comment_218,interact with a comment
tpVWFQy5,Wed, 16 Dec 2020 00:08:18 GMT,click,comment_428,interact with a comment
tpVWFQy5,Wed, 16 Dec 2020 00:08:18 GMT,click,comment_522,interact with a comment
tpVWFQy5,Wed, 16 Dec 2020 00:08:23 GMT,click,comment_316,interact with a comment
tpVWFQy5,Wed, 16 Dec 2020 00:08:23 GMT,click,comment_345,interact with a comment
tpVWFQy5,Wed, 16 Dec 2020 00:08:23 GMT,click,comment_543,interact with a comment
tpVWFQy5,Wed, 16 Dec 2020 00:08:23 GMT,click,comment_357,interact with a comment
tpVWFQy5,Wed, 16 Dec 2020 00:08:25 GMT,click,comment_241,interact with a comment
tpVWFQy5,Wed, 16 Dec 2020 00:08:25 GMT,click,comment_0,interact with a comment
tpVWFQy5,Wed, 16 Dec 2020 00:08:26 GMT,click,comment_605,interact with a comment
tpVWFQy5,Wed, 16 Dec 2020 00:08:26 GMT,click,comment_343,interact with a comment
tpVWFQy5,Wed, 16 Dec 2020 00:08:27 GMT,click,comment_21,interact with a comment
tpVWFQy5,Wed, 16 Dec 2020 00:25:43 GMT,hover,bar_coverback,hovered on metric bar
tpVWFQy5,Wed, 16 Dec 2020 00:25:43 GMT,hover,bar_coverback,hovered on metric bar
tpVWFQy5,Wed, 16 Dec 2020 00:25:44 GMT,hover,bar_coverback,hovered on metric bar
tpVWFQy5,Wed, 16 Dec 2020 00:25:44 GMT,hover,bar_coverback,hovered on metric bar
tpVWFQy5,Wed, 16 Dec 2020 00:25:45 GMT,hover,bar_visitback,hovered on metric bar
tpVWFQy5,Wed, 16 Dec 2020 00:25:47 GMT,hover,bar_visitback,hovered on metric bar
tpVWFQy5,Wed, 16 Dec 2020 21:24:46 GMT,click,product_0,select product from dropdown
tpVWFQy5,Wed, 16 Dec 2020 21:24:46 GMT,click,dice,get suggested comments
tpVWFQy5,Wed, 16 Dec 2020 21:27:39 GMT,click,comment_394,interact with a comment
tpVWFQy5,Wed, 16 Dec 2020 21:27:39 GMT,hover,comment_394,interact with a comment
tpVWFQy5,Wed, 16 Dec 2020 21:27:41 GMT,click,comment_170,interact with a comment
tpVWFQy5,Wed, 16 Dec 2020 21:27:42 GMT,click,comment_470,interact with a comment
tpVWFQy5,Wed, 16 Dec 2020 21:27:43 GMT,hover,bar_visitback,hovered on metric bar
tpVWFQy5,Wed, 16 Dec 2020 21:27:45 GMT,hover,bar_visitback,hovered on metric bar
tpVWFQy5,Wed, 16 Dec 2020 21:28:15 GMT,hover,bar_distback,hovered on metric bar
tpVWFQy5,Wed, 16 Dec 2020 21:28:21 GMT,hover,bar_visitback,hovered on metric bar
tpVWFQy5,Wed, 16 Dec 2020 21:28:22 GMT,hover,bar_visitback,hovered on metric bar
tpVWFQy5,Wed, 16 Dec 2020 21:28:24 GMT,hover,bar_visitback,hovered on metric bar
tpVWFQy5,Wed, 16 Dec 2020 21:28:28 GMT,hover,bar_coverback,hovered on metric bar
tpVWFQy5,Wed, 16 Dec 2020 21:29:19 GMT,hover,bar_visitback,hovered on metric bar
tpVWFQy5,Wed, 16 Dec 2020 21:29:20 GMT,click,ngram_good sound,select an ngram
tpVWFQy5,Wed, 16 Dec 2020 21:29:20 GMT,hover,bar_visitback,hovered on metric bar
tpVWFQy5,Wed, 16 Dec 2020 21:29:52 GMT,click,product_1,select product from dropdown
tpVWFQy5,Wed, 16 Dec 2020 21:29:52 GMT,click,dice,get suggested comments
tpVWFQy5,Wed, 16 Dec 2020 21:29:55 GMT,hover,bar_coverback,hovered on metric bar
tpVWFQy5,Wed, 16 Dec 2020 21:29:56 GMT,click,comment_956,interact with a comment
tpVWFQy5,Wed, 16 Dec 2020 21:29:58 GMT,click,comment_627,interact with a comment
tpVWFQy5,Wed, 16 Dec 2020 21:29:58 GMT,hover,comment_627,interact with a comment
tpVWFQy5,Wed, 16 Dec 2020 21:29:59 GMT,click,comment_784,interact with a comment
tpVWFQy5,Wed, 16 Dec 2020 21:30:00 GMT,click,comment_869,interact with a comment
tpVWFQy5,Wed, 16 Dec 2020 21:30:01 GMT,click,comment_643,interact with a comment
tpVWFQy5,Wed, 16 Dec 2020 21:30:02 GMT,click,comment_864,interact with a comment
tpVWFQy5,Wed, 16 Dec 2020 21:30:07 GMT,hover,comment_864,interact with a comment
tpVWFQy5,Wed, 16 Dec 2020 21:30:07 GMT,click,comment_1122,interact with a comment
tpVWFQy5,Wed, 16 Dec 2020 21:30:15 GMT,hover,bar_coverback,hovered on metric bar
tpVWFQy5,Wed, 16 Dec 2020 21:30:16 GMT,hover,bar_coverback,hovered on metric bar
tpVWFQy5,Wed, 16 Dec 2020 21:30:16 GMT,hover,bar_distback,hovered on metric bar
tpVWFQy5,Wed, 16 Dec 2020 21:30:16 GMT,hover,bar_distback,hovered on metric bar
tpVWFQy5,Wed, 16 Dec 2020 21:30:16 GMT,hover,bar_distback,hovered on metric bar
tpVWFQy5,Wed, 16 Dec 2020 21:30:17 GMT,hover,bar_coverback,hovered on metric bar
tpVWFQy5,Wed, 16 Dec 2020 21:30:17 GMT,hover,bar_coverback,hovered on metric bar
tpVWFQy5,Wed, 16 Dec 2020 21:30:17 GMT,hover,bar_coverback,hovered on metric bar
tpVWFQy5,Wed, 16 Dec 2020 21:30:17 GMT,hover,bar_visitback,hovered on metric bar
tpVWFQy5,Wed, 16 Dec 2020 21:30:18 GMT,hover,bar_coverback,hovered on metric bar
tpVWFQy5,Wed, 16 Dec 2020 21:30:18 GMT,hover,bar_coverback,hovered on metric bar
tpVWFQy5,Wed, 16 Dec 2020 21:30:19 GMT,hover,bar_visitback,hovered on metric bar
tpVWFQy5,Wed, 16 Dec 2020 21:30:19 GMT,click,bar_visitback,clicked on metric bar
tpVWFQy5,Wed, 16 Dec 2020 21:30:24 GMT,hover,bar_visitback,hovered on metric bar
tpVWFQy5,Wed, 16 Dec 2020 21:30:24 GMT,hover,bar_visitback,hovered on metric bar
tpVWFQy5,Wed, 16 Dec 2020 21:30:24 GMT,click,bar_visitback,clicked on metric bar
tpVWFQy5,Wed, 16 Dec 2020 21:30:25 GMT,hover,bar_coverback,hovered on metric bar
tpVWFQy5,Wed, 16 Dec 2020 21:30:26 GMT,click,bar_coverback,clicked on metric bar
tpVWFQy5,Wed, 16 Dec 2020 21:30:28 GMT,hover,bar_coverback,hovered on metric bar
tpVWFQy5,Wed, 16 Dec 2020 21:30:28 GMT,click,bar_coverback,clicked on metric bar
tpVWFQy5,Wed, 16 Dec 2020 21:30:37 GMT,hover,bar_coverback,hovered on metric bar
tpVWFQy5,Wed, 16 Dec 2020 21:30:37 GMT,hover,bar_coverback,hovered on metric bar
tpVWFQy5,Wed, 16 Dec 2020 21:30:40 GMT,hover,bar_coverback,hovered on metric bar
tpVWFQy5,Wed, 16 Dec 2020 21:30:40 GMT,click,bar_coverback,clicked on metric bar
tpVWFQy5,Wed, 16 Dec 2020 21:30:48 GMT,hover,comment_960,interact with a comment
tpVWFQy5,Wed, 16 Dec 2020 21:31:41 GMT,click,product_0,select product from dropdown
tpVWFQy5,Wed, 16 Dec 2020 21:31:41 GMT,click,dice,get suggested comments
tpVWFQy5,Wed, 16 Dec 2020 21:32:39 GMT,click,comment_394,interact with a comment
tpVWFQy5,Wed, 16 Dec 2020 21:32:39 GMT,click,comment_346,interact with a comment
tpVWFQy5,Wed, 16 Dec 2020 21:32:39 GMT,click,comment_502,interact with a comment
tpVWFQy5,Wed, 16 Dec 2020 21:32:40 GMT,click,comment_470,interact with a comment
tpVWFQy5,Wed, 16 Dec 2020 21:36:13 GMT,hover,comment_mment_714,interact with a suggested comment
tpVWFQy5,Wed, 16 Dec 2020 23:52:50 GMT,click,product_0,select product from dropdown
tpVWFQy5,Wed, 16 Dec 2020 23:52:50 GMT,click,dice,get suggested comments
tpVWFQy5,Mon, 04 Jan 2021 21:31:13 GMT,click,dice,get suggested comments
tpVWFQy5,Mon, 04 Jan 2021 21:31:13 GMT,click,product_0,select product from dropdown
tpVWFQy5,Mon, 04 Jan 2021 21:31:13 GMT,hover,bar_coverback,hovered on metric bar
tpVWFQy5,Mon, 04 Jan 2021 21:31:16 GMT,click,comment_502,interact with a comment
tpVWFQy5,Mon, 04 Jan 2021 21:31:19 GMT,click,comment_470,interact with a comment
tpVWFQy5,Mon, 04 Jan 2021 21:31:19 GMT,hover,comment_470,interact with a comment
tpVWFQy5,Mon, 04 Jan 2021 21:31:20 GMT,hover,bar_coverback,hovered on metric bar
tpVWFQy5,Mon, 04 Jan 2021 21:31:22 GMT,click,product_1,select product from dropdown
tpVWFQy5,Mon, 04 Jan 2021 21:31:22 GMT,click,dice,get suggested comments
tpVWFQy5,Mon, 04 Jan 2021 21:33:19 GMT,click,product_0,select product from dropdown
tpVWFQy5,Mon, 04 Jan 2021 21:33:19 GMT,click,dice,get suggested comments
tpVWFQy5,Mon, 04 Jan 2021 21:33:20 GMT,hover,bar_coverback,hovered on metric bar
tpVWFQy5,Mon, 04 Jan 2021 21:33:31 GMT,hover,bar_coverback,hovered on metric bar
tpVWFQy5,Mon, 04 Jan 2021 21:33:34 GMT,hover,comment_394,interact with a comment
tpVWFQy5,Mon, 04 Jan 2021 21:33:40 GMT,hover,bar_coverback,hovered on metric bar
tpVWFQy5,Mon, 04 Jan 2021 21:33:44 GMT,click,product_1,select product from dropdown
tpVWFQy5,Mon, 04 Jan 2021 21:33:44 GMT,click,dice,get suggested comments
tpVWFQy5,Mon, 04 Jan 2021 21:33:48 GMT,hover,bar_coverback,hovered on metric bar
tpVWFQy5,Mon, 04 Jan 2021 21:33:50 GMT,click,product_0,select product from dropdown
tpVWFQy5,Mon, 04 Jan 2021 21:33:50 GMT,click,dice,get suggested comments
tpVWFQy5,Mon, 04 Jan 2021 21:33:52 GMT,click,product_1,select product from dropdown
tpVWFQy5,Mon, 04 Jan 2021 21:33:52 GMT,click,dice,get suggested comments
tpVWFQy5,Mon, 04 Jan 2021 21:33:55 GMT,click,product_2,select product from dropdown
tpVWFQy5,Mon, 04 Jan 2021 21:33:55 GMT,click,dice,get suggested comments
tpVWFQy5,Mon, 04 Jan 2021 21:33:57 GMT,click,product_1,select product from dropdown
tpVWFQy5,Mon, 04 Jan 2021 21:33:57 GMT,click,dice,get suggested comments
tpVWFQy5,Mon, 04 Jan 2021 21:34:01 GMT,click,comment_627,interact with a comment
tpVWFQy5,Mon, 04 Jan 2021 21:34:06 GMT,click,comment_784,interact with a comment
tpVWFQy5,Mon, 04 Jan 2021 21:34:11 GMT,hover,bar_coverback,hovered on metric bar
tpVWFQy5,Mon, 04 Jan 2021 21:34:13 GMT,click,product_2,select product from dropdown
tpVWFQy5,Mon, 04 Jan 2021 21:34:13 GMT,click,dice,get suggested comments
tpVWFQy5,Mon, 04 Jan 2021 21:34:14 GMT,hover,bar_coverback,hovered on metric bar
tpVWFQy5,Mon, 04 Jan 2021 21:34:15 GMT,hover,bar_coverback,hovered on metric bar
tpVWFQy5,Mon, 04 Jan 2021 21:34:17 GMT,click,product_0,select product from dropdown
tpVWFQy5,Mon, 04 Jan 2021 21:34:17 GMT,click,dice,get suggested comments
tpVWFQy5,Mon, 04 Jan 2021 21:34:19 GMT,click,product_1,select product from dropdown
tpVWFQy5,Mon, 04 Jan 2021 21:34:19 GMT,click,dice,get suggested comments
tpVWFQy5,Mon, 04 Jan 2021 21:34:21 GMT,click,product_2,select product from dropdown
tpVWFQy5,Mon, 04 Jan 2021 21:34:21 GMT,click,dice,get suggested comments
tpVWFQy5,Mon, 04 Jan 2021 21:34:21 GMT,hover,bar_coverback,hovered on metric bar
tpVWFQy5,Mon, 11 Jan 2021 20:53:33 GMT,click,dice,get suggested comments
tpVWFQy5,Mon, 11 Jan 2021 20:53:33 GMT,click,product_0,select product from dropdown
tpVWFQy5,Mon, 11 Jan 2021 20:53:33 GMT,hover,bar_coverback,hovered on metric bar
tpVWFQy5,Mon, 11 Jan 2021 20:53:45 GMT,hover,bar_distback,hovered on metric bar
tpVWFQy5,Mon, 11 Jan 2021 20:53:48 GMT,click,comment_346,interact with a comment
tpVWFQy5,Mon, 11 Jan 2021 20:53:49 GMT,click,comment_502,interact with a comment
tpVWFQy5,Mon, 11 Jan 2021 20:53:49 GMT,click,comment_470,interact with a comment
tpVWFQy5,Mon, 11 Jan 2021 20:53:50 GMT,click,comment_615,interact with a comment
tpVWFQy5,Mon, 11 Jan 2021 20:53:50 GMT,click,comment_489,interact with a comment
tpVWFQy5,Mon, 11 Jan 2021 20:53:51 GMT,click,comment_186,interact with a comment
tpVWFQy5,Mon, 11 Jan 2021 20:53:53 GMT,click,comment_441,interact with a comment
tpVWFQy5,Mon, 11 Jan 2021 20:53:53 GMT,click,comment_715,interact with a comment
tpVWFQy5,Mon, 11 Jan 2021 20:53:54 GMT,hover,bar_visitback,hovered on metric bar
tpVWFQy5,Mon, 11 Jan 2021 20:54:36 GMT,hover,bar_coverback,hovered on metric bar
tpVWFQy5,Mon, 11 Jan 2021 20:54:36 GMT,hover,bar_distback,hovered on metric bar
tpVWFQy5,Mon, 11 Jan 2021 20:54:36 GMT,hover,bar_distback,hovered on metric bar
tpVWFQy5,Mon, 11 Jan 2021 20:54:37 GMT,hover,bar_distback,hovered on metric bar
tpVWFQy5,Mon, 11 Jan 2021 20:54:45 GMT,hover,bar_coverback,hovered on metric bar
tpVWFQy5,Mon, 11 Jan 2021 20:54:47 GMT,hover,bar_distback,hovered on metric bar
tpVWFQy5,Mon, 11 Jan 2021 20:54:48 GMT,hover,bar_coverback,hovered on metric bar
tpVWFQy5,Mon, 11 Jan 2021 20:54:48 GMT,hover,bar_distback,hovered on metric bar
tpVWFQy5,Mon, 11 Jan 2021 20:54:48 GMT,hover,bar_distback,hovered on metric bar
tpVWFQy5,Mon, 11 Jan 2021 20:54:49 GMT,hover,bar_visitback,hovered on metric bar
tpVWFQy5,Mon, 11 Jan 2021 20:54:49 GMT,hover,bar_visitback,hovered on metric bar
tpVWFQy5,Mon, 11 Jan 2021 20:54:49 GMT,hover,bar_visitback,hovered on metric bar
tpVWFQy5,Mon, 11 Jan 2021 20:54:50 GMT,hover,bar_coverback,hovered on metric bar
tpVWFQy5,Mon, 11 Jan 2021 20:54:50 GMT,hover,bar_coverback,hovered on metric bar
tpVWFQy5,Mon, 11 Jan 2021 20:54:54 GMT,hover,bar_visitback,hovered on metric bar
tpVWFQy5,Mon, 11 Jan 2021 20:54:55 GMT,hover,bar_coverback,hovered on metric bar
tpVWFQy5,Mon, 11 Jan 2021 20:54:55 GMT,hover,bar_coverback,hovered on metric bar
tpVWFQy5,Mon, 11 Jan 2021 20:54:55 GMT,hover,bar_coverback,hovered on metric bar
tpVWFQy5,Mon, 11 Jan 2021 20:54:55 GMT,hover,bar_coverback,hovered on metric bar
tpVWFQy5,Mon, 11 Jan 2021 20:54:55 GMT,hover,bar_coverback,hovered on metric bar
tpVWFQy5,Mon, 11 Jan 2021 20:54:56 GMT,hover,bar_visitback,hovered on metric bar
tpVWFQy5,Mon, 11 Jan 2021 20:54:56 GMT,hover,bar_coverback,hovered on metric bar
tpVWFQy5,Mon, 11 Jan 2021 20:54:56 GMT,hover,bar_coverback,hovered on metric bar
tpVWFQy5,Mon, 11 Jan 2021 20:54:56 GMT,hover,bar_visitback,hovered on metric bar
tpVWFQy5,Mon, 11 Jan 2021 20:54:56 GMT,hover,bar_visitback,hovered on metric bar
tpVWFQy5,Mon, 11 Jan 2021 20:54:56 GMT,hover,bar_coverback,hovered on metric bar
tpVWFQy5,Mon, 11 Jan 2021 20:54:56 GMT,hover,bar_coverback,hovered on metric bar
tpVWFQy5,Mon, 11 Jan 2021 20:54:57 GMT,hover,bar_coverback,hovered on metric bar
tpVWFQy5,Mon, 11 Jan 2021 20:54:58 GMT,hover,bar_distback,hovered on metric bar
tpVWFQy5,Mon, 11 Jan 2021 20:55:00 GMT,hover,bar_distback,hovered on metric bar
tpVWFQy5,Mon, 11 Jan 2021 20:55:00 GMT,hover,bar_distback,hovered on metric bar
tpVWFQy5,Mon, 11 Jan 2021 20:55:01 GMT,hover,bar_distback,hovered on metric bar
tpVWFQy5,Mon, 11 Jan 2021 20:55:03 GMT,click,comment_512,interact with a comment
tpVWFQy5,Mon, 11 Jan 2021 20:55:04 GMT,click,comment_311,interact with a comment
tpVWFQy5,Mon, 11 Jan 2021 20:55:04 GMT,hover,bar_distback,hovered on metric bar
tpVWFQy5,Mon, 11 Jan 2021 20:55:05 GMT,hover,bar_distback,hovered on metric bar
tpVWFQy5,Mon, 11 Jan 2021 20:55:06 GMT,hover,bar_distback,hovered on metric bar
tpVWFQy5,Mon, 11 Jan 2021 20:55:06 GMT,hover,bar_distback,hovered on metric bar
tpVWFQy5,Mon, 11 Jan 2021 20:55:08 GMT,hover,bar_distback,hovered on metric bar
tpVWFQy5,Mon, 11 Jan 2021 20:55:09 GMT,hover,bar_distback,hovered on metric bar
tpVWFQy5,Mon, 11 Jan 2021 20:55:10 GMT,hover,bar_distback,hovered on metric bar
tpVWFQy5,Mon, 11 Jan 2021 20:55:44 GMT,click,comment_220,interact with a comment
tpVWFQy5,Mon, 11 Jan 2021 20:55:44 GMT,click,comment_832,interact with a comment
tpVWFQy5,Mon, 11 Jan 2021 20:55:45 GMT,click,comment_253,interact with a comment
tpVWFQy5,Mon, 11 Jan 2021 20:55:46 GMT,hover,bar_visitback,hovered on metric bar
tpVWFQy5,Mon, 11 Jan 2021 20:56:52 GMT,hover,bar_distback,hovered on metric bar
tpVWFQy5,Mon, 11 Jan 2021 20:57:05 GMT,hover,bar_coverback,hovered on metric bar
tpVWFQy5,Mon, 11 Jan 2021 20:57:11 GMT,click,sentiment_Positive,select a sentiment
tpVWFQy5,Mon, 11 Jan 2021 20:57:14 GMT,click,sentiment_Neutral,select a sentiment
tpVWFQy5,Mon, 11 Jan 2021 20:57:15 GMT,click,sentiment_Negative,select a sentiment
tpVWFQy5,Mon, 11 Jan 2021 20:57:18 GMT,hover,bar_coverback,hovered on metric bar
tpVWFQy5,Mon, 11 Jan 2021 20:57:20 GMT,hover,bar_visitback,hovered on metric bar
tpVWFQy5,Mon, 11 Jan 2021 20:57:31 GMT,hover,bar_visitback,hovered on metric bar
tpVWFQy5,Mon, 11 Jan 2021 20:57:32 GMT,hover,bar_coverback,hovered on metric bar
tpVWFQy5,Mon, 11 Jan 2021 20:57:33 GMT,hover,bar_coverback,hovered on metric bar
tpVWFQy5,Mon, 11 Jan 2021 20:57:38 GMT,hover,bar_visitback,hovered on metric bar
tpVWFQy5,Mon, 11 Jan 2021 20:57:42 GMT,hover,bar_visitback,hovered on metric bar
tpVWFQy5,Mon, 11 Jan 2021 20:57:42 GMT,click,sentiment_Positive,select a sentiment
tpVWFQy5,Mon, 11 Jan 2021 20:57:48 GMT,hover,bar_visitback,hovered on metric bar
tpVWFQy5,Mon, 11 Jan 2021 20:58:47 GMT,hover,bar_coverback,hovered on metric bar
tpVWFQy5,Mon, 11 Jan 2021 20:58:52 GMT,hover,bar_distback,hovered on metric bar
tpVWFQy5,Mon, 11 Jan 2021 20:58:54 GMT,click,comment_382,interact with a comment
tpVWFQy5,Mon, 11 Jan 2021 20:58:55 GMT,click,comment_170,interact with a comment
tpVWFQy5,Mon, 11 Jan 2021 20:58:56 GMT,click,comment_368,interact with a comment
tpVWFQy5,Mon, 11 Jan 2021 20:58:56 GMT,click,comment_882,interact with a comment
tpVWFQy5,Mon, 11 Jan 2021 20:58:57 GMT,click,comment_278,interact with a comment
tpVWFQy5,Mon, 11 Jan 2021 20:58:59 GMT,hover,bar_visitback,hovered on metric bar
tpVWFQy5,Mon, 11 Jan 2021 20:59:22 GMT,hover,bar_coverback,hovered on metric bar
tpVWFQy5,Mon, 11 Jan 2021 20:59:43 GMT,hover,bar_distback,hovered on metric bar
tpVWFQy5,Mon, 11 Jan 2021 20:59:45 GMT,hover,bar_distback,hovered on metric bar
tpVWFQy5,Mon, 11 Jan 2021 21:00:23 GMT,hover,bar_coverback,hovered on metric bar
tpVWFQy5,Mon, 11 Jan 2021 21:00:23 GMT,hover,bar_distback,hovered on metric bar
tpVWFQy5,Mon, 11 Jan 2021 21:01:40 GMT,hover,bar_visitback,hovered on metric bar
tpVWFQy5,Mon, 11 Jan 2021 21:01:56 GMT,click,dice,remove suggested comments
tpVWFQy5,Mon, 11 Jan 2021 21:01:57 GMT,click,dice,get suggested comments
tpVWFQy5,Mon, 11 Jan 2021 21:02:48 GMT,hover,bar_coverback,hovered on metric bar
tpVWFQy5,Mon, 11 Jan 2021 21:02:48 GMT,hover,bar_distback,hovered on metric bar
tpVWFQy5,Mon, 11 Jan 2021 21:02:48 GMT,hover,bar_distback,hovered on metric bar
tpVWFQy5,Mon, 11 Jan 2021 21:02:59 GMT,hover,bar_distback,hovered on metric bar
tpVWFQy5,Mon, 11 Jan 2021 21:03:00 GMT,hover,bar_distback,hovered on metric bar
tpVWFQy5,Mon, 11 Jan 2021 21:03:48 GMT,hover,bar_coverback,hovered on metric bar
tpVWFQy5,Mon, 11 Jan 2021 21:03:48 GMT,hover,bar_distback,hovered on metric bar
tpVWFQy5,Mon, 11 Jan 2021 21:05:07 GMT,hover,bar_coverback,hovered on metric bar
tpVWFQy5,Mon, 11 Jan 2021 21:07:10 GMT,hover,comment_644,interact with a comment
tpVWFQy5,Mon, 11 Jan 2021 21:07:15 GMT,hover,comment_446,interact with a comment
tpVWFQy5,Mon, 11 Jan 2021 21:07:20 GMT,hover,comment_602,interact with a comment
tpVWFQy5,Mon, 11 Jan 2021 21:07:21 GMT,hover,comment_472,interact with a comment
tpVWFQy5,Mon, 11 Jan 2021 21:07:23 GMT,hover,comment_218,interact with a comment
tpVWFQy5,Mon, 11 Jan 2021 21:07:28 GMT,hover,comment_241,interact with a comment
tpVWFQy5,Mon, 11 Jan 2021 21:07:31 GMT,hover,comment_719,interact with a comment
tpVWFQy5,Mon, 11 Jan 2021 21:07:45 GMT,hover,comment_mment_698,interact with a suggested comment
tpVWFQy5,Mon, 11 Jan 2021 21:07:45 GMT,hover,comment_mment_108,interact with a suggested comment
tpVWFQy5,Mon, 11 Jan 2021 21:09:24 GMT,hover,bar_visitback,hovered on metric bar
tpVWFQy5,Mon, 11 Jan 2021 21:09:45 GMT,hover,bar_coverback,hovered on metric bar
tpVWFQy5,Mon, 11 Jan 2021 21:14:18 GMT,hover,comment_72,interact with a comment
tpVWFQy5,Mon, 11 Jan 2021 21:14:22 GMT,hover,comment_315,interact with a comment
tpVWFQy5,Mon, 11 Jan 2021 21:14:30 GMT,hover,comment_243,interact with a comment
tpVWFQy5,Mon, 11 Jan 2021 21:16:00 GMT,hover,bar_visitback,hovered on metric bar
tpVWFQy5,Mon, 11 Jan 2021 21:16:02 GMT,hover,bar_visitback,hovered on metric bar
tpVWFQy5,Mon, 11 Jan 2021 21:29:25 GMT,hover,bar_distback,hovered on metric bar
